ProductID,ProductName,Category,Weight_Volume,Shelf_Life,Date,Price,Next_Month_Price
1,Milk,Dairy,1L,Perishable,1/1/2022,28.2,26.87
1,Milk,Dairy,1L,Perishable,2/1/2022,26.87,28.75
1,Milk,Dairy,1L,Perishable,3/1/2022,28.75,29.83
1,Milk,Dairy,1L,Perishable,4/1/2022,29.83,27.93
1,Milk,Dairy,1L,Perishable,5/1/2022,27.93,29.4
1,Milk,Dairy,1L,Perishable,6/1/2022,29.4,28.74
1,Milk,Dairy,1L,Perishable,7/1/2022,28.74,30.73
1,Milk,Dairy,1L,Perishable,8/1/2022,30.73,31.63
1,Milk,Dairy,1L,Perishable,9/1/2022,31.63,31.55
1,Milk,Dairy,1L,Perishable,10/1/2022,31.55,32.07
1,Milk,Dairy,1L,Perishable,11/1/2022,32.07,31.28
1,Milk,Dairy,1L,Perishable,12/1/2022,31.28,33.69
1,Milk,Dairy,1L,Perishable,1/1/2023,33.69,32.48
1,Milk,Dairy,1L,Perishable,2/1/2023,32.48,32.87
1,Milk,Dairy,1L,Perishable,3/1/2023,32.87,33.27
1,Milk,Dairy,1L,Perishable,4/1/2023,33.27,33.99
1,Milk,Dairy,1L,Perishable,5/1/2023,33.99,37.6
1,Milk,Dairy,1L,Perishable,6/1/2023,37.6,37.89
1,Milk,Dairy,1L,Perishable,7/1/2023,37.89,35.85
1,Milk,Dairy,1L,Perishable,8/1/2023,35.85,37.88
1,Milk,Dairy,1L,Perishable,9/1/2023,37.88,38.3
1,Milk,Dairy,1L,Perishable,10/1/2023,38.3,38.85
1,Milk,Dairy,1L,Perishable,11/1/2023,38.85,37.16
1,Milk,Dairy,1L,Perishable,12/1/2023,37.16,
2,Cheese (Cheddar),Dairy,500g,Perishable,1/1/2022,152.84,153.09
2,Cheese (Cheddar),Dairy,500g,Perishable,2/1/2022,153.09,155.39
2,Cheese (Cheddar),Dairy,500g,Perishable,3/1/2022,155.39,156.43
2,Cheese (Cheddar),Dairy,500g,Perishable,4/1/2022,156.43,162.78
2,Cheese (Cheddar),Dairy,500g,Perishable,5/1/2022,162.78,174.19
2,Cheese (Cheddar),Dairy,500g,Perishable,6/1/2022,174.19,178.13
2,Cheese (Cheddar),Dairy,500g,Perishable,7/1/2022,178.13,178.68
2,Cheese (Cheddar),Dairy,500g,Perishable,8/1/2022,178.68,180.44
2,Cheese (Cheddar),Dairy,500g,Perishable,9/1/2022,180.44,188.57
2,Cheese (Cheddar),Dairy,500g,Perishable,10/1/2022,188.57,186.81
2,Cheese (Cheddar),Dairy,500g,Perishable,11/1/2022,186.81,196.75
2,Cheese (Cheddar),Dairy,500g,Perishable,12/1/2022,196.75,187.55
2,Cheese (Cheddar),Dairy,500g,Perishable,1/1/2023,187.55,198.1
2,Cheese (Cheddar),Dairy,500g,Perishable,2/1/2023,198.1,214.31
2,Cheese (Cheddar),Dairy,500g,Perishable,3/1/2023,214.31,198.48
2,Cheese (Cheddar),Dairy,500g,Perishable,4/1/2023,198.48,208.24
2,Cheese (Cheddar),Dairy,500g,Perishable,5/1/2023,208.24,225.57
2,Cheese (Cheddar),Dairy,500g,Perishable,6/1/2023,225.57,230.12
2,Cheese (Cheddar),Dairy,500g,Perishable,7/1/2023,230.12,228.87
2,Cheese (Cheddar),Dairy,500g,Perishable,8/1/2023,228.87,237.65
2,Cheese (Cheddar),Dairy,500g,Perishable,9/1/2023,237.65,233.26
2,Cheese (Cheddar),Dairy,500g,Perishable,10/1/2023,233.26,239.22
2,Cheese (Cheddar),Dairy,500g,Perishable,11/1/2023,239.22,229
2,Cheese (Cheddar),Dairy,500g,Perishable,12/1/2023,229,
3,Yogurt,Dairy,500g,Perishable,1/1/2022,10.22,10.32
3,Yogurt,Dairy,500g,Perishable,2/1/2022,10.32,10.77
3,Yogurt,Dairy,500g,Perishable,3/1/2022,10.77,11.37
3,Yogurt,Dairy,500g,Perishable,4/1/2022,11.37,12.64
3,Yogurt,Dairy,500g,Perishable,5/1/2022,12.64,12.54
3,Yogurt,Dairy,500g,Perishable,6/1/2022,12.54,13.63
3,Yogurt,Dairy,500g,Perishable,7/1/2022,13.63,14.26
3,Yogurt,Dairy,500g,Perishable,8/1/2022,14.26,14.23
3,Yogurt,Dairy,500g,Perishable,9/1/2022,14.23,13.98
3,Yogurt,Dairy,500g,Perishable,10/1/2022,13.98,14.83
3,Yogurt,Dairy,500g,Perishable,11/1/2022,14.83,15.75
3,Yogurt,Dairy,500g,Perishable,12/1/2022,15.75,15.77
3,Yogurt,Dairy,500g,Perishable,1/1/2023,15.77,17.45
3,Yogurt,Dairy,500g,Perishable,2/1/2023,17.45,17.29
3,Yogurt,Dairy,500g,Perishable,3/1/2023,17.29,17.66
3,Yogurt,Dairy,500g,Perishable,4/1/2023,17.66,18.06
3,Yogurt,Dairy,500g,Perishable,5/1/2023,18.06,19.79
3,Yogurt,Dairy,500g,Perishable,6/1/2023,19.79,19.66
3,Yogurt,Dairy,500g,Perishable,7/1/2023,19.66,19.35
3,Yogurt,Dairy,500g,Perishable,8/1/2023,19.35,20.57
3,Yogurt,Dairy,500g,Perishable,9/1/2023,20.57,21.43
3,Yogurt,Dairy,500g,Perishable,10/1/2023,21.43,21.84
3,Yogurt,Dairy,500g,Perishable,11/1/2023,21.84,22.22
3,Yogurt,Dairy,500g,Perishable,12/1/2023,22.22,
4,Butter,Dairy,250g,Perishable,1/1/2022,90.57,89.11
4,Butter,Dairy,250g,Perishable,2/1/2022,89.11,92.61
4,Butter,Dairy,250g,Perishable,3/1/2022,92.61,94.37
4,Butter,Dairy,250g,Perishable,4/1/2022,94.37,104.54
4,Butter,Dairy,250g,Perishable,5/1/2022,104.54,99.18
4,Butter,Dairy,250g,Perishable,6/1/2022,99.18,104.54
4,Butter,Dairy,250g,Perishable,7/1/2022,104.54,104.62
4,Butter,Dairy,250g,Perishable,8/1/2022,104.62,113.46
4,Butter,Dairy,250g,Perishable,9/1/2022,113.46,116.17
4,Butter,Dairy,250g,Perishable,10/1/2022,116.17,120.32
4,Butter,Dairy,250g,Perishable,11/1/2022,120.32,112.87
4,Butter,Dairy,250g,Perishable,12/1/2022,112.87,121.59
4,Butter,Dairy,250g,Perishable,1/1/2023,121.59,122.82
4,Butter,Dairy,250g,Perishable,2/1/2023,122.82,132.09
4,Butter,Dairy,250g,Perishable,3/1/2023,132.09,131.42
4,Butter,Dairy,250g,Perishable,4/1/2023,131.42,127.9
4,Butter,Dairy,250g,Perishable,5/1/2023,127.9,133.16
4,Butter,Dairy,250g,Perishable,6/1/2023,133.16,141.65
4,Butter,Dairy,250g,Perishable,7/1/2023,141.65,133.14
4,Butter,Dairy,250g,Perishable,8/1/2023,133.14,135.26
4,Butter,Dairy,250g,Perishable,9/1/2023,135.26,146.55
4,Butter,Dairy,250g,Perishable,10/1/2023,146.55,146.08
4,Butter,Dairy,250g,Perishable,11/1/2023,146.08,146.19
4,Butter,Dairy,250g,Perishable,12/1/2023,146.19,
5,Cream,Dairy,200ml,Perishable,1/1/2022,50.33,53.41
5,Cream,Dairy,200ml,Perishable,2/1/2022,53.41,55.54
5,Cream,Dairy,200ml,Perishable,3/1/2022,55.54,55.07
5,Cream,Dairy,200ml,Perishable,4/1/2022,55.07,60.54
5,Cream,Dairy,200ml,Perishable,5/1/2022,60.54,57.46
5,Cream,Dairy,200ml,Perishable,6/1/2022,57.46,58.86
5,Cream,Dairy,200ml,Perishable,7/1/2022,58.86,65.96
5,Cream,Dairy,200ml,Perishable,8/1/2022,65.96,64.78
5,Cream,Dairy,200ml,Perishable,9/1/2022,64.78,67.35
5,Cream,Dairy,200ml,Perishable,10/1/2022,67.35,67.83
5,Cream,Dairy,200ml,Perishable,11/1/2022,67.83,74.77
5,Cream,Dairy,200ml,Perishable,12/1/2022,74.77,70.38
5,Cream,Dairy,200ml,Perishable,1/1/2023,70.38,75.32
5,Cream,Dairy,200ml,Perishable,2/1/2023,75.32,75.78
5,Cream,Dairy,200ml,Perishable,3/1/2023,75.78,79.85
5,Cream,Dairy,200ml,Perishable,4/1/2023,79.85,79.86
5,Cream,Dairy,200ml,Perishable,5/1/2023,79.86,85.19
5,Cream,Dairy,200ml,Perishable,6/1/2023,85.19,83.74
5,Cream,Dairy,200ml,Perishable,7/1/2023,83.74,82.99
5,Cream,Dairy,200ml,Perishable,8/1/2023,82.99,91.47
5,Cream,Dairy,200ml,Perishable,9/1/2023,91.47,87.47
5,Cream,Dairy,200ml,Perishable,10/1/2023,87.47,91.5
5,Cream,Dairy,200ml,Perishable,11/1/2023,91.5,95.71
5,Cream,Dairy,200ml,Perishable,12/1/2023,95.71,
6,Mozzarella,Dairy,300g,Perishable,1/1/2022,172.08,181.95
6,Mozzarella,Dairy,300g,Perishable,2/1/2022,181.95,186.78
6,Mozzarella,Dairy,300g,Perishable,3/1/2022,186.78,192.13
6,Mozzarella,Dairy,300g,Perishable,4/1/2022,192.13,190.17
6,Mozzarella,Dairy,300g,Perishable,5/1/2022,190.17,200.21
6,Mozzarella,Dairy,300g,Perishable,6/1/2022,200.21,200.57
6,Mozzarella,Dairy,300g,Perishable,7/1/2022,200.57,197.92
6,Mozzarella,Dairy,300g,Perishable,8/1/2022,197.92,212.78
6,Mozzarella,Dairy,300g,Perishable,9/1/2022,212.78,205.58
6,Mozzarella,Dairy,300g,Perishable,10/1/2022,205.58,206.23
6,Mozzarella,Dairy,300g,Perishable,11/1/2022,206.23,228.76
6,Mozzarella,Dairy,300g,Perishable,12/1/2022,228.76,230.05
6,Mozzarella,Dairy,300g,Perishable,1/1/2023,230.05,215.85
6,Mozzarella,Dairy,300g,Perishable,2/1/2023,215.85,232.77
6,Mozzarella,Dairy,300g,Perishable,3/1/2023,232.77,223.38
6,Mozzarella,Dairy,300g,Perishable,4/1/2023,223.38,228.96
6,Mozzarella,Dairy,300g,Perishable,5/1/2023,228.96,243.68
6,Mozzarella,Dairy,300g,Perishable,6/1/2023,243.68,245.93
6,Mozzarella,Dairy,300g,Perishable,7/1/2023,245.93,238.53
6,Mozzarella,Dairy,300g,Perishable,8/1/2023,238.53,237.93
6,Mozzarella,Dairy,300g,Perishable,9/1/2023,237.93,248.34
6,Mozzarella,Dairy,300g,Perishable,10/1/2023,248.34,246.6
6,Mozzarella,Dairy,300g,Perishable,11/1/2023,246.6,252.41
6,Mozzarella,Dairy,300g,Perishable,12/1/2023,252.41,
7,Ice Cream,Dairy,400g,Perishable,1/1/2022,35,38.83
7,Ice Cream,Dairy,400g,Perishable,2/1/2022,38.83,40.61
7,Ice Cream,Dairy,400g,Perishable,3/1/2022,40.61,40.54
7,Ice Cream,Dairy,400g,Perishable,4/1/2022,40.54,44.68
7,Ice Cream,Dairy,400g,Perishable,5/1/2022,44.68,47.15
7,Ice Cream,Dairy,400g,Perishable,6/1/2022,47.15,48.44
7,Ice Cream,Dairy,400g,Perishable,7/1/2022,48.44,47.85
7,Ice Cream,Dairy,400g,Perishable,8/1/2022,47.85,51.95
7,Ice Cream,Dairy,400g,Perishable,9/1/2022,51.95,54.39
7,Ice Cream,Dairy,400g,Perishable,10/1/2022,54.39,54.55
7,Ice Cream,Dairy,400g,Perishable,11/1/2022,54.55,57.63
7,Ice Cream,Dairy,400g,Perishable,12/1/2022,57.63,63.02
7,Ice Cream,Dairy,400g,Perishable,1/1/2023,63.02,65.21
7,Ice Cream,Dairy,400g,Perishable,2/1/2023,65.21,64.16
7,Ice Cream,Dairy,400g,Perishable,3/1/2023,64.16,70.68
7,Ice Cream,Dairy,400g,Perishable,4/1/2023,70.68,70.85
7,Ice Cream,Dairy,400g,Perishable,5/1/2023,70.85,69.34
7,Ice Cream,Dairy,400g,Perishable,6/1/2023,69.34,76.11
7,Ice Cream,Dairy,400g,Perishable,7/1/2023,76.11,76.55
7,Ice Cream,Dairy,400g,Perishable,8/1/2023,76.55,80.39
7,Ice Cream,Dairy,400g,Perishable,9/1/2023,80.39,81.15
7,Ice Cream,Dairy,400g,Perishable,10/1/2023,81.15,80.34
7,Ice Cream,Dairy,400g,Perishable,11/1/2023,80.34,84.58
7,Ice Cream,Dairy,400g,Perishable,12/1/2023,84.58,
8,Almond Milk,Dairy,1L,Perishable,1/1/2022,68.78,70.34
8,Almond Milk,Dairy,1L,Perishable,2/1/2022,70.34,73.82
8,Almond Milk,Dairy,1L,Perishable,3/1/2022,73.82,73.91
8,Almond Milk,Dairy,1L,Perishable,4/1/2022,73.91,77.94
8,Almond Milk,Dairy,1L,Perishable,5/1/2022,77.94,83.36
8,Almond Milk,Dairy,1L,Perishable,6/1/2022,83.36,79.93
8,Almond Milk,Dairy,1L,Perishable,7/1/2022,79.93,81.3
8,Almond Milk,Dairy,1L,Perishable,8/1/2022,81.3,88.63
8,Almond Milk,Dairy,1L,Perishable,9/1/2022,88.63,87.22
8,Almond Milk,Dairy,1L,Perishable,10/1/2022,87.22,92.09
8,Almond Milk,Dairy,1L,Perishable,11/1/2022,92.09,90.8
8,Almond Milk,Dairy,1L,Perishable,12/1/2022,90.8,97.1
8,Almond Milk,Dairy,1L,Perishable,1/1/2023,97.1,102.02
8,Almond Milk,Dairy,1L,Perishable,2/1/2023,102.02,97.68
8,Almond Milk,Dairy,1L,Perishable,3/1/2023,97.68,102.08
8,Almond Milk,Dairy,1L,Perishable,4/1/2023,102.08,99.56
8,Almond Milk,Dairy,1L,Perishable,5/1/2023,99.56,110.92
8,Almond Milk,Dairy,1L,Perishable,6/1/2023,110.92,104.18
8,Almond Milk,Dairy,1L,Perishable,7/1/2023,104.18,106.3
8,Almond Milk,Dairy,1L,Perishable,8/1/2023,106.3,117.71
8,Almond Milk,Dairy,1L,Perishable,9/1/2023,117.71,113.59
8,Almond Milk,Dairy,1L,Perishable,10/1/2023,113.59,121.61
8,Almond Milk,Dairy,1L,Perishable,11/1/2023,121.61,120.14
8,Almond Milk,Dairy,1L,Perishable,12/1/2023,120.14,
9,Condensed Milk,Dairy,1L,Non-Perishable,1/1/2022,34.15,36.06
9,Condensed Milk,Dairy,1L,Non-Perishable,2/1/2022,36.06,39.04
9,Condensed Milk,Dairy,1L,Non-Perishable,3/1/2022,39.04,37.23
9,Condensed Milk,Dairy,1L,Non-Perishable,4/1/2022,37.23,40.82
9,Condensed Milk,Dairy,1L,Non-Perishable,5/1/2022,40.82,40.37
9,Condensed Milk,Dairy,1L,Non-Perishable,6/1/2022,40.37,44.43
9,Condensed Milk,Dairy,1L,Non-Perishable,7/1/2022,44.43,43.98
9,Condensed Milk,Dairy,1L,Non-Perishable,8/1/2022,43.98,44.18
9,Condensed Milk,Dairy,1L,Non-Perishable,9/1/2022,44.18,45.47
9,Condensed Milk,Dairy,1L,Non-Perishable,10/1/2022,45.47,48.44
9,Condensed Milk,Dairy,1L,Non-Perishable,11/1/2022,48.44,47.48
9,Condensed Milk,Dairy,1L,Non-Perishable,12/1/2022,47.48,49.53
9,Condensed Milk,Dairy,1L,Non-Perishable,1/1/2023,49.53,52.89
9,Condensed Milk,Dairy,1L,Non-Perishable,2/1/2023,52.89,51.57
9,Condensed Milk,Dairy,1L,Non-Perishable,3/1/2023,51.57,55.32
9,Condensed Milk,Dairy,1L,Non-Perishable,4/1/2023,55.32,54.38
9,Condensed Milk,Dairy,1L,Non-Perishable,5/1/2023,54.38,55.8
9,Condensed Milk,Dairy,1L,Non-Perishable,6/1/2023,55.8,60.48
9,Condensed Milk,Dairy,1L,Non-Perishable,7/1/2023,60.48,61.04
9,Condensed Milk,Dairy,1L,Non-Perishable,8/1/2023,61.04,61.55
9,Condensed Milk,Dairy,1L,Non-Perishable,9/1/2023,61.55,61.29
9,Condensed Milk,Dairy,1L,Non-Perishable,10/1/2023,61.29,60.83
9,Condensed Milk,Dairy,1L,Non-Perishable,11/1/2023,60.83,62.48
9,Condensed Milk,Dairy,1L,Non-Perishable,12/1/2023,62.48,
10,Whipping Cream,Dairy,500ml,Perishable,1/1/2022,53.2,56.78
10,Whipping Cream,Dairy,500ml,Perishable,2/1/2022,56.78,57.64
10,Whipping Cream,Dairy,500ml,Perishable,3/1/2022,57.64,58.85
10,Whipping Cream,Dairy,500ml,Perishable,4/1/2022,58.85,64.53
10,Whipping Cream,Dairy,500ml,Perishable,5/1/2022,64.53,64.79
10,Whipping Cream,Dairy,500ml,Perishable,6/1/2022,64.79,65.1
10,Whipping Cream,Dairy,500ml,Perishable,7/1/2022,65.1,71.1
10,Whipping Cream,Dairy,500ml,Perishable,8/1/2022,71.1,73.39
10,Whipping Cream,Dairy,500ml,Perishable,9/1/2022,73.39,73.04
10,Whipping Cream,Dairy,500ml,Perishable,9/1/2022,73.04,77.6
10,Whipping Cream,Dairy,500ml,Perishable,11/1/2022,77.6,76.41
10,Whipping Cream,Dairy,500ml,Perishable,12/1/2022,76.41,83.8
10,Whipping Cream,Dairy,500ml,Perishable,1/1/2023,83.8,86.25
10,Whipping Cream,Dairy,500ml,Perishable,2/1/2023,86.25,83.09
10,Whipping Cream,Dairy,500ml,Perishable,3/1/2023,83.09,91.04
10,Whipping Cream,Dairy,500ml,Perishable,4/1/2023,91.04,92.82
10,Whipping Cream,Dairy,500ml,Perishable,5/1/2023,92.82,92.84
10,Whipping Cream,Dairy,500ml,Perishable,6/1/2023,92.84,91.65
10,Whipping Cream,Dairy,500ml,Perishable,7/1/2023,91.65,92.02
10,Whipping Cream,Dairy,500ml,Perishable,8/1/2023,92.02,101.85
10,Whipping Cream,Dairy,500ml,Perishable,9/1/2023,101.85,105.05
10,Whipping Cream,Dairy,500ml,Perishable,10/1/2023,105.05,107.2
10,Whipping Cream,Dairy,500ml,Perishable,11/1/2023,107.2,100.74
10,Whipping Cream,Dairy,500ml,Perishable,12/1/2023,100.74,
11,Coca-Cola,Beverages,500ml,Non-Perishable,1/1/2022,13.46,14.12
11,Coca-Cola,Beverages,500ml,Non-Perishable,2/1/2022,14.12,15.7
11,Coca-Cola,Beverages,500ml,Non-Perishable,3/1/2022,15.7,15.12
11,Coca-Cola,Beverages,500ml,Non-Perishable,4/1/2022,15.12,15.17
11,Coca-Cola,Beverages,500ml,Non-Perishable,5/1/2022,15.17,16.35
11,Coca-Cola,Beverages,500ml,Non-Perishable,6/1/2022,16.35,17.19
11,Coca-Cola,Beverages,500ml,Non-Perishable,7/1/2022,17.19,17.24
11,Coca-Cola,Beverages,500ml,Non-Perishable,8/1/2022,17.24,18.44
11,Coca-Cola,Beverages,500ml,Non-Perishable,9/1/2022,18.44,18.45
11,Coca-Cola,Beverages,500ml,Non-Perishable,10/1/2022,18.45,18.81
11,Coca-Cola,Beverages,500ml,Non-Perishable,11/1/2022,18.81,19.52
11,Coca-Cola,Beverages,500ml,Non-Perishable,12/1/2022,19.52,19.78
11,Coca-Cola,Beverages,500ml,Non-Perishable,1/1/2023,19.78,20.55
11,Coca-Cola,Beverages,500ml,Non-Perishable,2/1/2023,20.55,21.59
11,Coca-Cola,Beverages,500ml,Non-Perishable,3/1/2023,21.59,21.81
11,Coca-Cola,Beverages,500ml,Non-Perishable,4/1/2023,21.81,20.8
11,Coca-Cola,Beverages,500ml,Non-Perishable,5/1/2023,20.8,21.78
11,Coca-Cola,Beverages,500ml,Non-Perishable,6/1/2023,21.78,22.55
11,Coca-Cola,Beverages,500ml,Non-Perishable,7/1/2023,22.55,24.24
11,Coca-Cola,Beverages,500ml,Non-Perishable,8/1/2023,24.24,24.07
11,Coca-Cola,Beverages,500ml,Non-Perishable,9/1/2023,24.07,24
11,Coca-Cola,Beverages,500ml,Non-Perishable,10/1/2023,24,25.23
11,Coca-Cola,Beverages,500ml,Non-Perishable,11/1/2023,25.23,26.1
11,Coca-Cola,Beverages,500ml,Non-Perishable,12/1/2023,26.1,
12,Pepsi,Beverages,500ml,Non-Perishable,1/1/2022,14.45,15.09
12,Pepsi,Beverages,500ml,Non-Perishable,2/1/2022,15.09,15.25
12,Pepsi,Beverages,500ml,Non-Perishable,3/1/2022,15.25,14.72
12,Pepsi,Beverages,500ml,Non-Perishable,4/1/2022,14.72,16.48
12,Pepsi,Beverages,500ml,Non-Perishable,5/1/2022,16.48,16.22
12,Pepsi,Beverages,500ml,Non-Perishable,6/1/2022,16.22,17.19
12,Pepsi,Beverages,500ml,Non-Perishable,7/1/2022,17.19,17.04
12,Pepsi,Beverages,500ml,Non-Perishable,8/1/2022,17.04,18.46
12,Pepsi,Beverages,500ml,Non-Perishable,9/1/2022,18.46,18.04
12,Pepsi,Beverages,500ml,Non-Perishable,10/1/2022,18.04,18.68
12,Pepsi,Beverages,500ml,Non-Perishable,11/1/2022,18.68,18.41
12,Pepsi,Beverages,500ml,Non-Perishable,12/1/2022,18.41,20.61
12,Pepsi,Beverages,500ml,Non-Perishable,1/1/2023,20.61,20.33
12,Pepsi,Beverages,500ml,Non-Perishable,2/1/2023,20.33,21.11
12,Pepsi,Beverages,500ml,Non-Perishable,3/1/2023,21.11,20.88
12,Pepsi,Beverages,500ml,Non-Perishable,4/1/2023,20.88,21.32
12,Pepsi,Beverages,500ml,Non-Perishable,5/1/2023,21.32,21.47
12,Pepsi,Beverages,500ml,Non-Perishable,6/1/2023,21.47,21.94
12,Pepsi,Beverages,500ml,Non-Perishable,7/1/2023,21.94,23.96
12,Pepsi,Beverages,500ml,Non-Perishable,8/1/2023,23.96,22.55
12,Pepsi,Beverages,500ml,Non-Perishable,9/1/2023,22.55,23.58
12,Pepsi,Beverages,500ml,Non-Perishable,10/1/2023,23.58,25.26
12,Pepsi,Beverages,500ml,Non-Perishable,11/1/2023,25.26,25.05
12,Pepsi,Beverages,500ml,Non-Perishable,12/1/2023,25.05,
13,Orange Juice,Beverages,1L,Perishable,1/1/2022,24.97,26.94
13,Orange Juice,Beverages,1L,Perishable,2/1/2022,26.94,26.7
13,Orange Juice,Beverages,1L,Perishable,3/1/2022,26.7,28.62
13,Orange Juice,Beverages,1L,Perishable,4/1/2022,28.62,28.85
13,Orange Juice,Beverages,1L,Perishable,5/1/2022,28.85,29.16
13,Orange Juice,Beverages,1L,Perishable,6/1/2022,29.16,30.69
13,Orange Juice,Beverages,1L,Perishable,7/1/2022,30.69,30.99
13,Orange Juice,Beverages,1L,Perishable,8/1/2022,30.99,33.5
13,Orange Juice,Beverages,1L,Perishable,9/1/2022,33.5,33.06
13,Orange Juice,Beverages,1L,Perishable,10/1/2022,33.06,34.87
13,Orange Juice,Beverages,1L,Perishable,11/1/2022,34.87,36.27
13,Orange Juice,Beverages,1L,Perishable,12/1/2022,36.27,39.81
13,Orange Juice,Beverages,1L,Perishable,1/1/2023,39.81,41.06
13,Orange Juice,Beverages,1L,Perishable,2/1/2023,41.06,41.4
13,Orange Juice,Beverages,1L,Perishable,3/1/2023,41.4,41.78
13,Orange Juice,Beverages,1L,Perishable,4/1/2023,41.78,40.42
13,Orange Juice,Beverages,1L,Perishable,5/1/2023,40.42,44.09
13,Orange Juice,Beverages,1L,Perishable,6/1/2023,44.09,46.67
13,Orange Juice,Beverages,1L,Perishable,7/1/2023,46.67,44.9
13,Orange Juice,Beverages,1L,Perishable,8/1/2023,44.9,48.15
13,Orange Juice,Beverages,1L,Perishable,9/1/2023,48.15,49.09
13,Orange Juice,Beverages,1L,Perishable,10/1/2023,49.09,47.53
13,Orange Juice,Beverages,1L,Perishable,11/1/2023,47.53,49.84
13,Orange Juice,Beverages,1L,Perishable,12/1/2023,49.84,
14,Apple Juice,Beverages,1L,Perishable,1/1/2022,26.25,24.96
14,Apple Juice,Beverages,1L,Perishable,2/1/2022,24.96,27.27
14,Apple Juice,Beverages,1L,Perishable,3/1/2022,27.27,27.08
14,Apple Juice,Beverages,1L,Perishable,4/1/2022,27.08,29.19
14,Apple Juice,Beverages,1L,Perishable,5/1/2022,29.19,30.28
14,Apple Juice,Beverages,1L,Perishable,6/1/2022,30.28,30.83
14,Apple Juice,Beverages,1L,Perishable,7/1/2022,30.83,33.27
14,Apple Juice,Beverages,1L,Perishable,8/1/2022,33.27,32.17
14,Apple Juice,Beverages,1L,Perishable,9/1/2022,32.17,34.58
14,Apple Juice,Beverages,1L,Perishable,10/1/2022,34.58,36.63
14,Apple Juice,Beverages,1L,Perishable,11/1/2022,36.63,35.77
14,Apple Juice,Beverages,1L,Perishable,12/1/2022,35.77,38.25
14,Apple Juice,Beverages,1L,Perishable,1/1/2023,38.25,41.01
14,Apple Juice,Beverages,1L,Perishable,2/1/2023,41.01,39.07
14,Apple Juice,Beverages,1L,Perishable,3/1/2023,39.07,42.6
14,Apple Juice,Beverages,1L,Perishable,4/1/2023,42.6,40.55
14,Apple Juice,Beverages,1L,Perishable,5/1/2023,40.55,43.54
14,Apple Juice,Beverages,1L,Perishable,6/1/2023,43.54,45.62
14,Apple Juice,Beverages,1L,Perishable,7/1/2023,45.62,44.84
14,Apple Juice,Beverages,1L,Perishable,8/1/2023,44.84,46.34
14,Apple Juice,Beverages,1L,Perishable,9/1/2023,46.34,48.93
14,Apple Juice,Beverages,1L,Perishable,10/1/2023,48.93,48.96
14,Apple Juice,Beverages,1L,Perishable,11/1/2023,48.96,49.68
14,Apple Juice,Beverages,1L,Perishable,12/1/2023,49.68,
15,Mineral Water,Beverages,500ml,Non-Perishable,1/1/2022,2.87,3.16
15,Mineral Water,Beverages,500ml,Non-Perishable,2/1/2022,3.16,3.47
15,Mineral Water,Beverages,500ml,Non-Perishable,3/1/2022,3.47,3.63
15,Mineral Water,Beverages,500ml,Non-Perishable,4/1/2022,3.63,3.62
15,Mineral Water,Beverages,500ml,Non-Perishable,5/1/2022,3.62,3.93
15,Mineral Water,Beverages,500ml,Non-Perishable,6/1/2022,3.93,3.86
15,Mineral Water,Beverages,500ml,Non-Perishable,7/1/2022,3.86,4.25
15,Mineral Water,Beverages,500ml,Non-Perishable,8/1/2022,4.25,4.22
15,Mineral Water,Beverages,500ml,Non-Perishable,9/1/2022,4.22,4.48
15,Mineral Water,Beverages,500ml,Non-Perishable,10/1/2022,4.48,4.59
15,Mineral Water,Beverages,500ml,Non-Perishable,11/1/2022,4.59,4.75
15,Mineral Water,Beverages,500ml,Non-Perishable,12/1/2022,4.75,5.2
15,Mineral Water,Beverages,500ml,Non-Perishable,1/1/2023,5.2,5.32
15,Mineral Water,Beverages,500ml,Non-Perishable,2/1/2023,5.32,5.66
15,Mineral Water,Beverages,500ml,Non-Perishable,3/1/2023,5.66,5.46
15,Mineral Water,Beverages,500ml,Non-Perishable,4/1/2023,5.46,5.66
15,Mineral Water,Beverages,500ml,Non-Perishable,5/1/2023,5.66,6.09
15,Mineral Water,Beverages,500ml,Non-Perishable,6/1/2023,6.09,6.1
15,Mineral Water,Beverages,500ml,Non-Perishable,7/1/2023,6.1,6.47
15,Mineral Water,Beverages,500ml,Non-Perishable,8/1/2023,6.47,6.16
15,Mineral Water,Beverages,500ml,Non-Perishable,9/1/2023,6.16,6.38
15,Mineral Water,Beverages,500ml,Non-Perishable,10/1/2023,6.38,6.94
15,Mineral Water,Beverages,500ml,Non-Perishable,11/1/2023,6.94,6.97
15,Mineral Water,Beverages,500ml,Non-Perishable,12/1/2023,6.97,
16,Iced Coffee,Beverages,500g,Perishable,1/1/2022,34.14,37.46
16,Iced Coffee,Beverages,500g,Perishable,2/1/2022,37.46,38.06
16,Iced Coffee,Beverages,500g,Perishable,3/1/2022,38.06,36.56
16,Iced Coffee,Beverages,500g,Perishable,4/1/2022,36.56,39.43
16,Iced Coffee,Beverages,500g,Perishable,5/1/2022,39.43,39.76
16,Iced Coffee,Beverages,500g,Perishable,6/1/2022,39.76,39.7
16,Iced Coffee,Beverages,500g,Perishable,7/1/2022,39.7,41.48
16,Iced Coffee,Beverages,500g,Perishable,8/1/2022,41.48,40.67
16,Iced Coffee,Beverages,500g,Perishable,9/1/2022,40.67,41.77
16,Iced Coffee,Beverages,500g,Perishable,10/1/2022,41.77,45.17
16,Iced Coffee,Beverages,500g,Perishable,11/1/2022,45.17,43.9
16,Iced Coffee,Beverages,500g,Perishable,12/1/2022,43.9,46.41
16,Iced Coffee,Beverages,500g,Perishable,1/1/2023,46.41,45.11
16,Iced Coffee,Beverages,500g,Perishable,2/1/2023,45.11,48.59
16,Iced Coffee,Beverages,500g,Perishable,3/1/2023,48.59,46.61
16,Iced Coffee,Beverages,500g,Perishable,4/1/2023,46.61,50.66
16,Iced Coffee,Beverages,500g,Perishable,5/1/2023,50.66,50.16
16,Iced Coffee,Beverages,500g,Perishable,6/1/2023,50.16,50.3
16,Iced Coffee,Beverages,500g,Perishable,7/1/2023,50.3,49.87
16,Iced Coffee,Beverages,500g,Perishable,8/1/2023,49.87,54.93
16,Iced Coffee,Beverages,500g,Perishable,9/1/2023,54.93,55.09
16,Iced Coffee,Beverages,500g,Perishable,10/1/2023,55.09,56.2
16,Iced Coffee,Beverages,500g,Perishable,11/1/2023,56.2,52.98
16,Iced Coffee,Beverages,500g,Perishable,12/1/2023,52.98,
17,Green Tea,Beverages,200g,Non-Perishable,1/1/2022,20.84,21.14
17,Green Tea,Beverages,200g,Non-Perishable,2/1/2022,21.14,22.02
17,Green Tea,Beverages,200g,Non-Perishable,3/1/2022,22.02,23.23
17,Green Tea,Beverages,200g,Non-Perishable,4/1/2022,23.23,23.19
17,Green Tea,Beverages,200g,Non-Perishable,5/1/2022,23.19,23.37
17,Green Tea,Beverages,200g,Non-Perishable,6/1/2022,23.37,26.03
17,Green Tea,Beverages,200g,Non-Perishable,7/1/2022,26.03,26.66
17,Green Tea,Beverages,200g,Non-Perishable,8/1/2022,26.66,28.15
17,Green Tea,Beverages,200g,Non-Perishable,9/1/2022,28.15,27.97
17,Green Tea,Beverages,200g,Non-Perishable,10/1/2022,27.97,29.33
17,Green Tea,Beverages,200g,Non-Perishable,11/1/2022,29.33,29.4
17,Green Tea,Beverages,200g,Non-Perishable,12/1/2022,29.4,29.35
17,Green Tea,Beverages,200g,Non-Perishable,1/1/2023,29.35,32.75
17,Green Tea,Beverages,200g,Non-Perishable,2/1/2023,32.75,31.45
17,Green Tea,Beverages,200g,Non-Perishable,3/1/2023,31.45,34.54
17,Green Tea,Beverages,200g,Non-Perishable,4/1/2023,34.54,35.35
17,Green Tea,Beverages,200g,Non-Perishable,5/1/2023,35.35,33.27
17,Green Tea,Beverages,200g,Non-Perishable,6/1/2023,33.27,36.03
17,Green Tea,Beverages,200g,Non-Perishable,7/1/2023,36.03,35.42
17,Green Tea,Beverages,200g,Non-Perishable,8/1/2023,35.42,36.21
17,Green Tea,Beverages,200g,Non-Perishable,9/1/2023,36.21,38.91
17,Green Tea,Beverages,200g,Non-Perishable,10/1/2023,38.91,37.87
17,Green Tea,Beverages,200g,Non-Perishable,11/1/2023,37.87,40.62
17,Green Tea,Beverages,200g,Non-Perishable,12/1/2023,40.62,
18,Energy Drink,Beverages,250ml,Non-Perishable,1/1/2022,31.48,30.58
18,Energy Drink,Beverages,250ml,Non-Perishable,2/1/2022,30.58,33.81
18,Energy Drink,Beverages,250ml,Non-Perishable,3/1/2022,33.81,34.35
18,Energy Drink,Beverages,250ml,Non-Perishable,4/1/2022,34.35,38.3
18,Energy Drink,Beverages,250ml,Non-Perishable,5/1/2022,38.3,38.44
18,Energy Drink,Beverages,250ml,Non-Perishable,6/1/2022,38.44,40.33
18,Energy Drink,Beverages,250ml,Non-Perishable,7/1/2022,40.33,42.19
18,Energy Drink,Beverages,250ml,Non-Perishable,8/1/2022,42.19,43.53
18,Energy Drink,Beverages,250ml,Non-Perishable,9/1/2022,43.53,43.75
18,Energy Drink,Beverages,250ml,Non-Perishable,10/1/2022,43.75,48.99
18,Energy Drink,Beverages,250ml,Non-Perishable,11/1/2022,48.99,47.92
18,Energy Drink,Beverages,250ml,Non-Perishable,12/1/2022,47.92,51.36
18,Energy Drink,Beverages,250ml,Non-Perishable,1/1/2023,51.36,54.58
18,Energy Drink,Beverages,250ml,Non-Perishable,2/1/2023,54.58,55.75
18,Energy Drink,Beverages,250ml,Non-Perishable,3/1/2023,55.75,53.98
18,Energy Drink,Beverages,250ml,Non-Perishable,4/1/2023,53.98,57.97
18,Energy Drink,Beverages,250ml,Non-Perishable,5/1/2023,57.97,58.15
18,Energy Drink,Beverages,250ml,Non-Perishable,6/1/2023,58.15,59.26
18,Energy Drink,Beverages,250ml,Non-Perishable,7/1/2023,59.26,60.76
18,Energy Drink,Beverages,250ml,Non-Perishable,8/1/2023,60.76,62.22
18,Energy Drink,Beverages,250ml,Non-Perishable,9/1/2023,62.22,66.04
18,Energy Drink,Beverages,250ml,Non-Perishable,10/1/2023,66.04,66.86
18,Energy Drink,Beverages,250ml,Non-Perishable,11/1/2023,66.86,67.72
18,Energy Drink,Beverages,250ml,Non-Perishable,12/1/2023,67.72,
19,Lemonade,Beverages,1L,Perishable,1/1/2022,15.33,15.8
19,Lemonade,Beverages,1L,Perishable,2/1/2022,15.8,16.24
19,Lemonade,Beverages,1L,Perishable,3/1/2022,16.24,16.75
19,Lemonade,Beverages,1L,Perishable,4/1/2022,16.75,17.95
19,Lemonade,Beverages,1L,Perishable,5/1/2022,17.95,18.48
19,Lemonade,Beverages,1L,Perishable,6/1/2022,18.48,20.81
19,Lemonade,Beverages,1L,Perishable,7/1/2022,20.81,21.02
19,Lemonade,Beverages,1L,Perishable,8/1/2022,21.02,22.68
19,Lemonade,Beverages,1L,Perishable,9/1/2022,22.68,23.24
19,Lemonade,Beverages,1L,Perishable,10/1/2022,23.24,24.73
19,Lemonade,Beverages,1L,Perishable,11/1/2022,24.73,25.05
19,Lemonade,Beverages,1L,Perishable,12/1/2022,25.05,24.19
19,Lemonade,Beverages,1L,Perishable,1/1/2023,24.19,25.4
19,Lemonade,Beverages,1L,Perishable,2/1/2023,25.4,27.42
19,Lemonade,Beverages,1L,Perishable,3/1/2023,27.42,26.99
19,Lemonade,Beverages,1L,Perishable,4/1/2023,26.99,28.13
19,Lemonade,Beverages,1L,Perishable,5/1/2023,28.13,29.41
19,Lemonade,Beverages,1L,Perishable,6/1/2023,29.41,29.9
19,Lemonade,Beverages,1L,Perishable,7/1/2023,29.9,32.48
19,Lemonade,Beverages,1L,Perishable,8/1/2023,32.48,33.71
19,Lemonade,Beverages,1L,Perishable,9/1/2023,33.71,33.58
19,Lemonade,Beverages,1L,Perishable,10/1/2023,33.58,34.26
19,Lemonade,Beverages,1L,Perishable,11/1/2023,34.26,33.92
19,Lemonade,Beverages,1L,Perishable,12/1/2023,33.92,
20,Iced Tea,Beverages,1L,Perishable,1/1/2022,17.5,18.24
20,Iced Tea,Beverages,1L,Perishable,2/1/2022,18.24,19.15
20,Iced Tea,Beverages,1L,Perishable,3/1/2022,19.15,21.05
20,Iced Tea,Beverages,1L,Perishable,4/1/2022,21.05,21.64
20,Iced Tea,Beverages,1L,Perishable,5/1/2022,21.64,21.72
20,Iced Tea,Beverages,1L,Perishable,6/1/2022,21.72,23.33
20,Iced Tea,Beverages,1L,Perishable,7/1/2022,23.33,25.14
20,Iced Tea,Beverages,1L,Perishable,8/1/2022,25.14,25.43
20,Iced Tea,Beverages,1L,Perishable,9/1/2022,25.43,26.25
20,Iced Tea,Beverages,1L,Perishable,10/1/2022,26.25,26.93
20,Iced Tea,Beverages,1L,Perishable,11/1/2022,26.93,26.4
20,Iced Tea,Beverages,1L,Perishable,12/1/2022,26.4,28.96
20,Iced Tea,Beverages,1L,Perishable,1/1/2023,28.96,27.95
20,Iced Tea,Beverages,1L,Perishable,2/1/2023,27.95,29.72
20,Iced Tea,Beverages,1L,Perishable,3/1/2023,29.72,30.98
20,Iced Tea,Beverages,1L,Perishable,4/1/2023,30.98,30.64
20,Iced Tea,Beverages,1L,Perishable,5/1/2023,30.64,32.72
20,Iced Tea,Beverages,1L,Perishable,6/1/2023,32.72,34.34
20,Iced Tea,Beverages,1L,Perishable,7/1/2023,34.34,35.15
20,Iced Tea,Beverages,1L,Perishable,8/1/2023,35.15,35.02
20,Iced Tea,Beverages,1L,Perishable,9/1/2023,35.02,35.47
20,Iced Tea,Beverages,1L,Perishable,10/1/2023,35.47,35.75
20,Iced Tea,Beverages,1L,Perishable,11/1/2023,35.75,38.58
20,Iced Tea,Beverages,1L,Perishable,12/1/2023,38.58,
21,Potato Chips,Snacks,200g,Non-Perishable,1/1/2022,9.79,10.86
21,Potato Chips,Snacks,200g,Non-Perishable,2/1/2022,10.86,11.36
21,Potato Chips,Snacks,200g,Non-Perishable,3/1/2022,11.36,12.83
21,Potato Chips,Snacks,200g,Non-Perishable,4/1/2022,12.83,13.53
21,Potato Chips,Snacks,200g,Non-Perishable,5/1/2022,13.53,14.93
21,Potato Chips,Snacks,200g,Non-Perishable,6/1/2022,14.93,15.61
21,Potato Chips,Snacks,200g,Non-Perishable,7/1/2022,15.61,15.49
21,Potato Chips,Snacks,200g,Non-Perishable,8/1/2022,15.49,16.31
21,Potato Chips,Snacks,200g,Non-Perishable,9/1/2022,16.31,17.42
21,Potato Chips,Snacks,200g,Non-Perishable,10/1/2022,17.42,17.85
21,Potato Chips,Snacks,200g,Non-Perishable,11/1/2022,17.85,20.2
21,Potato Chips,Snacks,200g,Non-Perishable,12/1/2022,20.2,20.15
21,Potato Chips,Snacks,200g,Non-Perishable,1/1/2023,20.15,21.54
21,Potato Chips,Snacks,200g,Non-Perishable,2/1/2023,21.54,22.32
21,Potato Chips,Snacks,200g,Non-Perishable,3/1/2023,22.32,22.01
21,Potato Chips,Snacks,200g,Non-Perishable,4/1/2023,22.01,23.58
21,Potato Chips,Snacks,200g,Non-Perishable,5/1/2023,23.58,24.03
21,Potato Chips,Snacks,200g,Non-Perishable,6/1/2023,24.03,24.75
21,Potato Chips,Snacks,200g,Non-Perishable,7/1/2023,24.75,25.66
21,Potato Chips,Snacks,200g,Non-Perishable,8/1/2023,25.66,28.4
21,Potato Chips,Snacks,200g,Non-Perishable,9/1/2023,28.4,27.89
21,Potato Chips,Snacks,200g,Non-Perishable,10/1/2023,27.89,28.39
21,Potato Chips,Snacks,200g,Non-Perishable,11/1/2023,28.39,29.16
21,Potato Chips,Snacks,200g,Non-Perishable,12/1/2023,29.16,
22,Chocolate Bar,Snacks,100g,Non-Perishable,1/1/2022,20.62,20.14
22,Chocolate Bar,Snacks,100g,Non-Perishable,2/1/2022,20.14,21.21
22,Chocolate Bar,Snacks,100g,Non-Perishable,3/1/2022,21.21,23.82
22,Chocolate Bar,Snacks,100g,Non-Perishable,4/1/2022,23.82,23.58
22,Chocolate Bar,Snacks,100g,Non-Perishable,5/1/2022,23.58,25.29
22,Chocolate Bar,Snacks,100g,Non-Perishable,6/1/2022,25.29,25.33
22,Chocolate Bar,Snacks,100g,Non-Perishable,7/1/2022,25.33,26.67
22,Chocolate Bar,Snacks,100g,Non-Perishable,8/1/2022,26.67,28.88
22,Chocolate Bar,Snacks,100g,Non-Perishable,9/1/2022,28.88,28.88
22,Chocolate Bar,Snacks,100g,Non-Perishable,10/1/2022,28.88,31.9
22,Chocolate Bar,Snacks,100g,Non-Perishable,11/1/2022,31.9,33.31
22,Chocolate Bar,Snacks,100g,Non-Perishable,12/1/2022,33.31,34.01
22,Chocolate Bar,Snacks,100g,Non-Perishable,1/1/2023,34.01,35.62
22,Chocolate Bar,Snacks,100g,Non-Perishable,2/1/2023,35.62,34.09
22,Chocolate Bar,Snacks,100g,Non-Perishable,3/1/2023,34.09,37.02
22,Chocolate Bar,Snacks,100g,Non-Perishable,4/1/2023,37.02,36.76
22,Chocolate Bar,Snacks,100g,Non-Perishable,5/1/2023,36.76,39.47
22,Chocolate Bar,Snacks,100g,Non-Perishable,6/1/2023,39.47,40.39
22,Chocolate Bar,Snacks,100g,Non-Perishable,7/1/2023,40.39,42.24
22,Chocolate Bar,Snacks,100g,Non-Perishable,8/1/2023,42.24,41.15
22,Chocolate Bar,Snacks,100g,Non-Perishable,9/1/2023,41.15,42.3
22,Chocolate Bar,Snacks,100g,Non-Perishable,10/1/2023,42.3,45.07
22,Chocolate Bar,Snacks,100g,Non-Perishable,11/1/2023,45.07,46.37
22,Chocolate Bar,Snacks,100g,Non-Perishable,12/1/2023,46.37,
23,Cookies,Snacks,300g,Non-Perishable,1/1/2022,30.32,30.71
23,Cookies,Snacks,300g,Non-Perishable,2/1/2022,30.71,33.18
23,Cookies,Snacks,300g,Non-Perishable,3/1/2022,33.18,37.61
23,Cookies,Snacks,300g,Non-Perishable,4/1/2022,37.61,39.29
23,Cookies,Snacks,300g,Non-Perishable,5/1/2022,39.29,41.13
23,Cookies,Snacks,300g,Non-Perishable,6/1/2022,41.13,40.43
23,Cookies,Snacks,300g,Non-Perishable,7/1/2022,40.43,42.67
23,Cookies,Snacks,300g,Non-Perishable,8/1/2022,42.67,47.75
23,Cookies,Snacks,300g,Non-Perishable,9/1/2022,47.75,47.7
23,Cookies,Snacks,300g,Non-Perishable,10/1/2022,47.7,48.73
23,Cookies,Snacks,300g,Non-Perishable,11/1/2022,48.73,52.2
23,Cookies,Snacks,300g,Non-Perishable,12/1/2022,52.2,54.77
23,Cookies,Snacks,300g,Non-Perishable,1/1/2023,54.77,56.14
23,Cookies,Snacks,300g,Non-Perishable,2/1/2023,56.14,54.77
23,Cookies,Snacks,300g,Non-Perishable,3/1/2023,54.77,61.14
23,Cookies,Snacks,300g,Non-Perishable,4/1/2023,61.14,61.87
23,Cookies,Snacks,300g,Non-Perishable,5/1/2023,61.87,66.14
23,Cookies,Snacks,300g,Non-Perishable,6/1/2023,66.14,66.15
23,Cookies,Snacks,300g,Non-Perishable,7/1/2023,66.15,65.37
23,Cookies,Snacks,300g,Non-Perishable,8/1/2023,65.37,67.92
23,Cookies,Snacks,300g,Non-Perishable,9/1/2023,67.92,74.21
23,Cookies,Snacks,300g,Non-Perishable,10/1/2023,74.21,70.84
23,Cookies,Snacks,300g,Non-Perishable,11/1/2023,70.84,71.89
23,Cookies,Snacks,300g,Non-Perishable,12/1/2023,71.89,
24,Popcorn,Snacks,150g,Non-Perishable,1/1/2022,10.27,10.52
24,Popcorn,Snacks,150g,Non-Perishable,2/1/2022,10.52,11.79
24,Popcorn,Snacks,150g,Non-Perishable,3/1/2022,11.79,11.92
24,Popcorn,Snacks,150g,Non-Perishable,4/1/2022,11.92,12.71
24,Popcorn,Snacks,150g,Non-Perishable,5/1/2022,12.71,12.65
24,Popcorn,Snacks,150g,Non-Perishable,6/1/2022,12.65,14.12
24,Popcorn,Snacks,150g,Non-Perishable,7/1/2022,14.12,13.94
24,Popcorn,Snacks,150g,Non-Perishable,8/1/2022,13.94,15.22
24,Popcorn,Snacks,150g,Non-Perishable,9/1/2022,15.22,16.21
24,Popcorn,Snacks,150g,Non-Perishable,10/1/2022,16.21,17.32
24,Popcorn,Snacks,150g,Non-Perishable,11/1/2022,17.32,16.72
24,Popcorn,Snacks,150g,Non-Perishable,12/1/2022,16.72,17.62
24,Popcorn,Snacks,150g,Non-Perishable,1/1/2023,17.62,18.19
24,Popcorn,Snacks,150g,Non-Perishable,2/1/2023,18.19,19.37
24,Popcorn,Snacks,150g,Non-Perishable,3/1/2023,19.37,20.54
24,Popcorn,Snacks,150g,Non-Perishable,4/1/2023,20.54,20.8
24,Popcorn,Snacks,150g,Non-Perishable,5/1/2023,20.8,20.88
24,Popcorn,Snacks,150g,Non-Perishable,6/1/2023,20.88,21.33
24,Popcorn,Snacks,150g,Non-Perishable,7/1/2023,21.33,22.81
24,Popcorn,Snacks,150g,Non-Perishable,8/1/2023,22.81,21.9
24,Popcorn,Snacks,150g,Non-Perishable,9/1/2023,21.9,23.63
24,Popcorn,Snacks,150g,Non-Perishable,10/1/2023,23.63,24.89
24,Popcorn,Snacks,150g,Non-Perishable,11/1/2023,24.89,24.81
24,Popcorn,Snacks,150g,Non-Perishable,12/1/2023,24.81,
25,Pretzels,Snacks,200g,Non-Perishable,1/1/2022,12.32,13.19
25,Pretzels,Snacks,200g,Non-Perishable,2/1/2022,13.19,14.52
25,Pretzels,Snacks,200g,Non-Perishable,3/1/2022,14.52,15.04
25,Pretzels,Snacks,200g,Non-Perishable,4/1/2022,15.04,15.69
25,Pretzels,Snacks,200g,Non-Perishable,5/1/2022,15.69,16.22
25,Pretzels,Snacks,200g,Non-Perishable,6/1/2022,16.22,18.32
25,Pretzels,Snacks,200g,Non-Perishable,7/1/2022,18.32,19.83
25,Pretzels,Snacks,200g,Non-Perishable,8/1/2022,19.83,19.77
25,Pretzels,Snacks,200g,Non-Perishable,9/1/2022,19.77,21.24
25,Pretzels,Snacks,200g,Non-Perishable,10/1/2022,21.24,21.49
25,Pretzels,Snacks,200g,Non-Perishable,11/1/2022,21.49,23.9
25,Pretzels,Snacks,200g,Non-Perishable,12/1/2022,23.9,23.37
25,Pretzels,Snacks,200g,Non-Perishable,1/1/2023,23.37,24.28
25,Pretzels,Snacks,200g,Non-Perishable,2/1/2023,24.28,26.82
25,Pretzels,Snacks,200g,Non-Perishable,3/1/2023,26.82,27.86
25,Pretzels,Snacks,200g,Non-Perishable,4/1/2023,27.86,29.37
25,Pretzels,Snacks,200g,Non-Perishable,5/1/2023,29.37,29.98
25,Pretzels,Snacks,200g,Non-Perishable,6/1/2023,29.98,30.57
25,Pretzels,Snacks,200g,Non-Perishable,7/1/2023,30.57,31.74
25,Pretzels,Snacks,200g,Non-Perishable,8/1/2023,31.74,31.94
25,Pretzels,Snacks,200g,Non-Perishable,9/1/2023,31.94,31.7
25,Pretzels,Snacks,200g,Non-Perishable,10/1/2023,31.7,34.5
25,Pretzels,Snacks,200g,Non-Perishable,11/1/2023,34.5,33.96
25,Pretzels,Snacks,200g,Non-Perishable,12/1/2023,33.96,
26,Donuts,Snacks,200g,Non-Perishable,1/1/2022,15.66,15.41
26,Donuts,Snacks,200g,Non-Perishable,2/1/2022,15.41,16.33
26,Donuts,Snacks,200g,Non-Perishable,3/1/2022,16.33,17.46
26,Donuts,Snacks,200g,Non-Perishable,4/1/2022,17.46,18.51
26,Donuts,Snacks,200g,Non-Perishable,5/1/2022,18.51,19.45
26,Donuts,Snacks,200g,Non-Perishable,6/1/2022,19.45,21.22
26,Donuts,Snacks,200g,Non-Perishable,7/1/2022,21.22,22.01
26,Donuts,Snacks,200g,Non-Perishable,8/1/2022,22.01,24.55
26,Donuts,Snacks,200g,Non-Perishable,9/1/2022,24.55,24.76
26,Donuts,Snacks,200g,Non-Perishable,10/1/2022,24.76,25.95
26,Donuts,Snacks,200g,Non-Perishable,11/1/2022,25.95,26.87
26,Donuts,Snacks,200g,Non-Perishable,12/1/2022,26.87,29.29
26,Donuts,Snacks,200g,Non-Perishable,1/1/2023,29.29,29.44
26,Donuts,Snacks,200g,Non-Perishable,2/1/2023,29.44,30.33
26,Donuts,Snacks,200g,Non-Perishable,3/1/2023,30.33,31.3
26,Donuts,Snacks,200g,Non-Perishable,4/1/2023,31.3,32.04
26,Donuts,Snacks,200g,Non-Perishable,5/1/2023,32.04,33.24
26,Donuts,Snacks,200g,Non-Perishable,6/1/2023,33.24,33.13
26,Donuts,Snacks,200g,Non-Perishable,7/1/2023,33.13,34.26
26,Donuts,Snacks,200g,Non-Perishable,8/1/2023,34.26,37.42
26,Donuts,Snacks,200g,Non-Perishable,9/1/2023,37.42,39.43
26,Donuts,Snacks,200g,Non-Perishable,10/1/2023,39.43,40.67
26,Donuts,Snacks,200g,Non-Perishable,11/1/2023,40.67,41.3
26,Donuts,Snacks,200g,Non-Perishable,12/1/2023,41.3,
27,Crackers,Snacks,300g,Non-Perishable,1/1/2022,18.05,18.57
27,Crackers,Snacks,300g,Non-Perishable,2/1/2022,18.57,19.18
27,Crackers,Snacks,300g,Non-Perishable,3/1/2022,19.18,20.27
27,Crackers,Snacks,300g,Non-Perishable,4/1/2022,20.27,20.63
27,Crackers,Snacks,300g,Non-Perishable,5/1/2022,20.63,21.89
27,Crackers,Snacks,300g,Non-Perishable,6/1/2022,21.89,22.22
27,Crackers,Snacks,300g,Non-Perishable,7/1/2022,22.22,23.24
27,Crackers,Snacks,300g,Non-Perishable,8/1/2022,23.24,25.71
27,Crackers,Snacks,300g,Non-Perishable,9/1/2022,25.71,26.73
27,Crackers,Snacks,300g,Non-Perishable,10/1/2022,26.73,27.55
27,Crackers,Snacks,300g,Non-Perishable,11/1/2022,27.55,28.85
27,Crackers,Snacks,300g,Non-Perishable,12/1/2022,28.85,27.77
27,Crackers,Snacks,300g,Non-Perishable,1/1/2023,27.77,29.95
27,Crackers,Snacks,300g,Non-Perishable,2/1/2023,29.95,29.22
27,Crackers,Snacks,300g,Non-Perishable,3/1/2023,29.22,31.22
27,Crackers,Snacks,300g,Non-Perishable,4/1/2023,31.22,33.46
27,Crackers,Snacks,300g,Non-Perishable,5/1/2023,33.46,32.56
27,Crackers,Snacks,300g,Non-Perishable,6/1/2023,32.56,34.07
27,Crackers,Snacks,300g,Non-Perishable,7/1/2023,34.07,32.87
27,Crackers,Snacks,300g,Non-Perishable,8/1/2023,32.87,35.83
27,Crackers,Snacks,300g,Non-Perishable,9/1/2023,35.83,35.53
27,Crackers,Snacks,300g,Non-Perishable,10/1/2023,35.53,36.4
27,Crackers,Snacks,300g,Non-Perishable,11/1/2023,36.4,36.92
27,Crackers,Snacks,300g,Non-Perishable,12/1/2023,36.92,
28,Nuts (Mixed),Snacks,500g,Non-Perishable,1/1/2022,199.34,206.05
28,Nuts (Mixed),Snacks,500g,Non-Perishable,2/1/2022,206.05,220.93
28,Nuts (Mixed),Snacks,500g,Non-Perishable,3/1/2022,220.93,232.61
28,Nuts (Mixed),Snacks,500g,Non-Perishable,4/1/2022,232.61,224.72
28,Nuts (Mixed),Snacks,500g,Non-Perishable,5/1/2022,224.72,250.02
28,Nuts (Mixed),Snacks,500g,Non-Perishable,6/1/2022,250.02,248.5
28,Nuts (Mixed),Snacks,500g,Non-Perishable,7/1/2022,248.5,261.68
28,Nuts (Mixed),Snacks,500g,Non-Perishable,8/1/2022,261.68,273.66
28,Nuts (Mixed),Snacks,500g,Non-Perishable,9/1/2022,273.66,268.67
28,Nuts (Mixed),Snacks,500g,Non-Perishable,10/1/2022,268.67,288.93
28,Nuts (Mixed),Snacks,500g,Non-Perishable,11/1/2022,288.93,304.52
28,Nuts (Mixed),Snacks,500g,Non-Perishable,12/1/2022,304.52,290.04
28,Nuts (Mixed),Snacks,500g,Non-Perishable,1/1/2023,290.04,302.22
28,Nuts (Mixed),Snacks,500g,Non-Perishable,2/1/2023,302.22,319.61
28,Nuts (Mixed),Snacks,500g,Non-Perishable,3/1/2023,319.61,331.2
28,Nuts (Mixed),Snacks,500g,Non-Perishable,4/1/2023,331.2,335.65
28,Nuts (Mixed),Snacks,500g,Non-Perishable,5/1/2023,335.65,356.75
28,Nuts (Mixed),Snacks,500g,Non-Perishable,6/1/2023,356.75,342.27
28,Nuts (Mixed),Snacks,500g,Non-Perishable,7/1/2023,342.27,351.14
28,Nuts (Mixed),Snacks,500g,Non-Perishable,8/1/2023,351.14,383.02
28,Nuts (Mixed),Snacks,500g,Non-Perishable,9/1/2023,383.02,388.54
28,Nuts (Mixed),Snacks,500g,Non-Perishable,10/1/2023,388.54,404.73
28,Nuts (Mixed),Snacks,500g,Non-Perishable,11/1/2023,404.73,407.51
28,Nuts (Mixed),Snacks,500g,Non-Perishable,12/1/2023,407.51,
29,Dried Fruit,Snacks,400g,Non-Perishable,1/1/2022,151.11,159.84
29,Dried Fruit,Snacks,400g,Non-Perishable,2/1/2022,159.84,168.63
29,Dried Fruit,Snacks,400g,Non-Perishable,3/1/2022,168.63,167.63
29,Dried Fruit,Snacks,400g,Non-Perishable,4/1/2022,167.63,169.19
29,Dried Fruit,Snacks,400g,Non-Perishable,5/1/2022,169.19,180.05
29,Dried Fruit,Snacks,400g,Non-Perishable,6/1/2022,180.05,190.12
29,Dried Fruit,Snacks,400g,Non-Perishable,7/1/2022,190.12,190.81
29,Dried Fruit,Snacks,400g,Non-Perishable,8/1/2022,190.81,191.59
29,Dried Fruit,Snacks,400g,Non-Perishable,9/1/2022,191.59,204.82
29,Dried Fruit,Snacks,400g,Non-Perishable,10/1/2022,204.82,200.64
29,Dried Fruit,Snacks,400g,Non-Perishable,11/1/2022,200.64,220.52
29,Dried Fruit,Snacks,400g,Non-Perishable,12/1/2022,220.52,227.3
29,Dried Fruit,Snacks,400g,Non-Perishable,1/1/2023,227.3,233.86
29,Dried Fruit,Snacks,400g,Non-Perishable,2/1/2023,233.86,238.5
29,Dried Fruit,Snacks,400g,Non-Perishable,3/1/2023,238.5,233.2
29,Dried Fruit,Snacks,400g,Non-Perishable,4/1/2023,233.2,252.13
29,Dried Fruit,Snacks,400g,Non-Perishable,5/1/2023,252.13,254.84
29,Dried Fruit,Snacks,400g,Non-Perishable,6/1/2023,254.84,250.08
29,Dried Fruit,Snacks,400g,Non-Perishable,7/1/2023,250.08,249.4
29,Dried Fruit,Snacks,400g,Non-Perishable,8/1/2023,249.4,259.29
29,Dried Fruit,Snacks,400g,Non-Perishable,9/1/2023,259.29,271.96
29,Dried Fruit,Snacks,400g,Non-Perishable,10/1/2023,271.96,270.9
29,Dried Fruit,Snacks,400g,Non-Perishable,11/1/2023,270.9,283.68
29,Dried Fruit,Snacks,400g,Non-Perishable,12/1/2023,283.68,
30,Rice Cakes,Snacks,200g,Non-Perishable,1/1/2022,19.46,20.31
30,Rice Cakes,Snacks,200g,Non-Perishable,2/1/2022,20.31,22.35
30,Rice Cakes,Snacks,200g,Non-Perishable,3/1/2022,22.35,23.86
30,Rice Cakes,Snacks,200g,Non-Perishable,4/1/2022,23.86,24.24
30,Rice Cakes,Snacks,200g,Non-Perishable,5/1/2022,24.24,26.67
30,Rice Cakes,Snacks,200g,Non-Perishable,6/1/2022,26.67,26.75
30,Rice Cakes,Snacks,200g,Non-Perishable,7/1/2022,26.75,27.63
30,Rice Cakes,Snacks,200g,Non-Perishable,8/1/2022,27.63,29.86
30,Rice Cakes,Snacks,200g,Non-Perishable,9/1/2022,29.86,28.76
30,Rice Cakes,Snacks,200g,Non-Perishable,10/1/2022,28.76,30.33
30,Rice Cakes,Snacks,200g,Non-Perishable,11/1/2022,30.33,31.85
30,Rice Cakes,Snacks,200g,Non-Perishable,12/1/2022,31.85,32.41
30,Rice Cakes,Snacks,200g,Non-Perishable,1/1/2023,32.41,34.04
30,Rice Cakes,Snacks,200g,Non-Perishable,2/1/2023,34.04,36.77
30,Rice Cakes,Snacks,200g,Non-Perishable,3/1/2023,36.77,35.37
30,Rice Cakes,Snacks,200g,Non-Perishable,4/1/2023,35.37,37.05
30,Rice Cakes,Snacks,200g,Non-Perishable,5/1/2023,37.05,40
30,Rice Cakes,Snacks,200g,Non-Perishable,6/1/2023,40,40.52
30,Rice Cakes,Snacks,200g,Non-Perishable,7/1/2023,40.52,40.21
30,Rice Cakes,Snacks,200g,Non-Perishable,8/1/2023,40.21,42.7
30,Rice Cakes,Snacks,200g,Non-Perishable,9/1/2023,42.7,43.71
30,Rice Cakes,Snacks,200g,Non-Perishable,10/1/2023,43.71,42.69
30,Rice Cakes,Snacks,200g,Non-Perishable,11/1/2023,42.69,42.91
30,Rice Cakes,Snacks,200g,Non-Perishable,12/1/2023,42.91,
31,Apples,Fruits,1kg,Perishable,1/1/2022,19.53,20.47
31,Apples,Fruits,1kg,Perishable,2/1/2022,20.47,21.89
31,Apples,Fruits,1kg,Perishable,3/1/2022,21.89,24.62
31,Apples,Fruits,1kg,Perishable,4/1/2022,24.62,24.47
31,Apples,Fruits,1kg,Perishable,5/1/2022,24.47,27.75
31,Apples,Fruits,1kg,Perishable,6/1/2022,27.75,27.33
31,Apples,Fruits,1kg,Perishable,7/1/2022,27.33,27.72
31,Apples,Fruits,1kg,Perishable,8/1/2022,27.72,30.95
31,Apples,Fruits,1kg,Perishable,9/1/2022,30.95,32.56
31,Apples,Fruits,1kg,Perishable,10/1/2022,32.56,34.23
31,Apples,Fruits,1kg,Perishable,11/1/2022,34.23,35.91
31,Apples,Fruits,1kg,Perishable,12/1/2022,35.91,36.57
31,Apples,Fruits,1kg,Perishable,1/1/2023,36.57,38.57
31,Apples,Fruits,1kg,Perishable,2/1/2023,38.57,37.91
31,Apples,Fruits,1kg,Perishable,3/1/2023,37.91,37.63
31,Apples,Fruits,1kg,Perishable,4/1/2023,37.63,41.38
31,Apples,Fruits,1kg,Perishable,5/1/2023,41.38,42.62
31,Apples,Fruits,1kg,Perishable,6/1/2023,42.62,41.89
31,Apples,Fruits,1kg,Perishable,7/1/2023,41.89,44.86
31,Apples,Fruits,1kg,Perishable,8/1/2023,44.86,45.83
31,Apples,Fruits,1kg,Perishable,9/1/2023,45.83,45.48
31,Apples,Fruits,1kg,Perishable,10/1/2023,45.48,47.14
31,Apples,Fruits,1kg,Perishable,11/1/2023,47.14,51.75
31,Apples,Fruits,1kg,Perishable,12/1/2023,51.75,
32,Bananas,Fruits,1kg,Perishable,1/1/2022,17.45,18.74
32,Bananas,Fruits,1kg,Perishable,2/1/2022,18.74,20.13
32,Bananas,Fruits,1kg,Perishable,3/1/2022,20.13,19.57
32,Bananas,Fruits,1kg,Perishable,4/1/2022,19.57,20.35
32,Bananas,Fruits,1kg,Perishable,5/1/2022,20.35,20.79
32,Bananas,Fruits,1kg,Perishable,6/1/2022,20.79,23.08
32,Bananas,Fruits,1kg,Perishable,7/1/2022,23.08,22.28
32,Bananas,Fruits,1kg,Perishable,8/1/2022,22.28,23.06
32,Bananas,Fruits,1kg,Perishable,9/1/2022,23.06,25.17
32,Bananas,Fruits,1kg,Perishable,10/1/2022,25.17,26.14
32,Bananas,Fruits,1kg,Perishable,11/1/2022,26.14,26.76
32,Bananas,Fruits,1kg,Perishable,12/1/2022,26.76,26.49
32,Bananas,Fruits,1kg,Perishable,1/1/2023,26.49,28.16
32,Bananas,Fruits,1kg,Perishable,2/1/2023,28.16,28.54
32,Bananas,Fruits,1kg,Perishable,3/1/2023,28.54,29.01
32,Bananas,Fruits,1kg,Perishable,4/1/2023,29.01,28.96
32,Bananas,Fruits,1kg,Perishable,5/1/2023,28.96,29.7
32,Bananas,Fruits,1kg,Perishable,6/1/2023,29.7,30.93
32,Bananas,Fruits,1kg,Perishable,7/1/2023,30.93,31.96
32,Bananas,Fruits,1kg,Perishable,8/1/2023,31.96,34.3
32,Bananas,Fruits,1kg,Perishable,9/1/2023,34.3,33.81
32,Bananas,Fruits,1kg,Perishable,10/1/2023,33.81,33.93
32,Bananas,Fruits,1kg,Perishable,11/1/2023,33.93,34.04
32,Bananas,Fruits,1kg,Perishable,12/1/2023,34.04,
33,Oranges,Fruits,1kg,Perishable,1/1/2022,14.45,16.08
33,Oranges,Fruits,1kg,Perishable,2/1/2022,16.08,16.62
33,Oranges,Fruits,1kg,Perishable,3/1/2022,16.62,19.11
33,Oranges,Fruits,1kg,Perishable,4/1/2022,19.11,18.97
33,Oranges,Fruits,1kg,Perishable,5/1/2022,18.97,20.84
33,Oranges,Fruits,1kg,Perishable,6/1/2022,20.84,21.57
33,Oranges,Fruits,1kg,Perishable,7/1/2022,21.57,22.83
33,Oranges,Fruits,1kg,Perishable,8/1/2022,22.83,23.73
33,Oranges,Fruits,1kg,Perishable,9/1/2022,23.73,25.41
33,Oranges,Fruits,1kg,Perishable,10/1/2022,25.41,25.17
33,Oranges,Fruits,1kg,Perishable,11/1/2022,25.17,27.62
33,Oranges,Fruits,1kg,Perishable,12/1/2022,27.62,29.08
33,Oranges,Fruits,1kg,Perishable,1/1/2023,29.08,28.01
33,Oranges,Fruits,1kg,Perishable,2/1/2023,28.01,29.5
33,Oranges,Fruits,1kg,Perishable,3/1/2023,29.5,31.79
33,Oranges,Fruits,1kg,Perishable,4/1/2023,31.79,33.63
33,Oranges,Fruits,1kg,Perishable,5/1/2023,33.63,34.1
33,Oranges,Fruits,1kg,Perishable,6/1/2023,34.1,33.01
33,Oranges,Fruits,1kg,Perishable,7/1/2023,33.01,34.42
33,Oranges,Fruits,1kg,Perishable,8/1/2023,34.42,37.31
33,Oranges,Fruits,1kg,Perishable,9/1/2023,37.31,37.65
33,Oranges,Fruits,1kg,Perishable,10/1/2023,37.65,38.6
33,Oranges,Fruits,1kg,Perishable,11/1/2023,38.6,41.89
33,Oranges,Fruits,1kg,Perishable,12/1/2023,41.89,
34,Grapes,Fruits,1kg,Perishable,1/1/2022,31.47,33.12
34,Grapes,Fruits,1kg,Perishable,2/1/2022,33.12,33.2
34,Grapes,Fruits,1kg,Perishable,3/1/2022,33.2,35.39
34,Grapes,Fruits,1kg,Perishable,4/1/2022,35.39,38.38
34,Grapes,Fruits,1kg,Perishable,5/1/2022,38.38,38.96
34,Grapes,Fruits,1kg,Perishable,6/1/2022,38.96,42.08
34,Grapes,Fruits,1kg,Perishable,7/1/2022,42.08,42.53
34,Grapes,Fruits,1kg,Perishable,8/1/2022,42.53,43.46
34,Grapes,Fruits,1kg,Perishable,9/1/2022,43.46,46.7
34,Grapes,Fruits,1kg,Perishable,10/1/2022,46.7,51.59
34,Grapes,Fruits,1kg,Perishable,11/1/2022,51.59,52.71
34,Grapes,Fruits,1kg,Perishable,12/1/2022,52.71,52
34,Grapes,Fruits,1kg,Perishable,1/1/2023,52,55.55
34,Grapes,Fruits,1kg,Perishable,2/1/2023,55.55,56.88
34,Grapes,Fruits,1kg,Perishable,3/1/2023,56.88,59.36
34,Grapes,Fruits,1kg,Perishable,4/1/2023,59.36,60.38
34,Grapes,Fruits,1kg,Perishable,5/1/2023,60.38,64.7
34,Grapes,Fruits,1kg,Perishable,6/1/2023,64.7,66.41
34,Grapes,Fruits,1kg,Perishable,7/1/2023,66.41,69.58
34,Grapes,Fruits,1kg,Perishable,8/1/2023,69.58,69.04
34,Grapes,Fruits,1kg,Perishable,9/1/2023,69.04,73.27
34,Grapes,Fruits,1kg,Perishable,10/1/2023,73.27,76.57
34,Grapes,Fruits,1kg,Perishable,11/1/2023,76.57,74.53
34,Grapes,Fruits,1kg,Perishable,12/1/2023,74.53,
35,Strawberries,Fruits,500g,Perishable,1/1/2022,38.36,43.24
35,Strawberries,Fruits,500g,Perishable,2/1/2022,43.24,45.27
35,Strawberries,Fruits,500g,Perishable,3/1/2022,45.27,45.72
35,Strawberries,Fruits,500g,Perishable,4/1/2022,45.72,48.72
35,Strawberries,Fruits,500g,Perishable,5/1/2022,48.72,55.51
35,Strawberries,Fruits,500g,Perishable,6/1/2022,55.51,53.14
35,Strawberries,Fruits,500g,Perishable,7/1/2022,53.14,58.94
35,Strawberries,Fruits,500g,Perishable,8/1/2022,58.94,58.73
35,Strawberries,Fruits,500g,Perishable,9/1/2022,58.73,60.62
35,Strawberries,Fruits,500g,Perishable,10/1/2022,60.62,65.01
35,Strawberries,Fruits,500g,Perishable,11/1/2022,65.01,66.81
35,Strawberries,Fruits,500g,Perishable,12/1/2022,66.81,73.79
35,Strawberries,Fruits,500g,Perishable,1/1/2023,73.79,75.81
35,Strawberries,Fruits,500g,Perishable,2/1/2023,75.81,75.54
35,Strawberries,Fruits,500g,Perishable,3/1/2023,75.54,81.46
35,Strawberries,Fruits,500g,Perishable,4/1/2023,81.46,79.27
35,Strawberries,Fruits,500g,Perishable,5/1/2023,79.27,80.71
35,Strawberries,Fruits,500g,Perishable,6/1/2023,80.71,87.58
35,Strawberries,Fruits,500g,Perishable,7/1/2023,87.58,87.5
35,Strawberries,Fruits,500g,Perishable,8/1/2023,87.5,94.14
35,Strawberries,Fruits,500g,Perishable,9/1/2023,94.14,99.38
35,Strawberries,Fruits,500g,Perishable,10/1/2023,99.38,99.31
35,Strawberries,Fruits,500g,Perishable,11/1/2023,99.31,99.73
35,Strawberries,Fruits,500g,Perishable,12/1/2023,99.73,
36,Blueberries,Fruits,500g,Perishable,1/1/2022,59.11,65.01
36,Blueberries,Fruits,500g,Perishable,2/1/2022,65.01,66.98
36,Blueberries,Fruits,500g,Perishable,3/1/2022,66.98,68.44
36,Blueberries,Fruits,500g,Perishable,4/1/2022,68.44,73.8
36,Blueberries,Fruits,500g,Perishable,5/1/2022,73.8,78.04
36,Blueberries,Fruits,500g,Perishable,6/1/2022,78.04,79.87
36,Blueberries,Fruits,500g,Perishable,7/1/2022,79.87,86.13
36,Blueberries,Fruits,500g,Perishable,8/1/2022,86.13,90.74
36,Blueberries,Fruits,500g,Perishable,9/1/2022,90.74,92.57
36,Blueberries,Fruits,500g,Perishable,10/1/2022,92.57,103.02
36,Blueberries,Fruits,500g,Perishable,11/1/2022,103.02,105.21
36,Blueberries,Fruits,500g,Perishable,12/1/2022,105.21,104.93
36,Blueberries,Fruits,500g,Perishable,1/1/2023,104.93,115.65
36,Blueberries,Fruits,500g,Perishable,2/1/2023,115.65,110.48
36,Blueberries,Fruits,500g,Perishable,3/1/2023,110.48,119.15
36,Blueberries,Fruits,500g,Perishable,4/1/2023,119.15,119.86
36,Blueberries,Fruits,500g,Perishable,5/1/2023,119.86,125.76
36,Blueberries,Fruits,500g,Perishable,6/1/2023,125.76,135.02
36,Blueberries,Fruits,500g,Perishable,7/1/2023,135.02,128.81
36,Blueberries,Fruits,500g,Perishable,8/1/2023,128.81,144.07
36,Blueberries,Fruits,500g,Perishable,9/1/2023,144.07,146.76
36,Blueberries,Fruits,500g,Perishable,10/1/2023,146.76,151.34
36,Blueberries,Fruits,500g,Perishable,11/1/2023,151.34,148.4
36,Blueberries,Fruits,500g,Perishable,12/1/2023,148.4,
37,Pineapple,Fruits,1kg,Perishable,1/1/2022,28.58,30.23
37,Pineapple,Fruits,1kg,Perishable,2/1/2022,30.23,35
37,Pineapple,Fruits,1kg,Perishable,3/1/2022,35,33.71
37,Pineapple,Fruits,1kg,Perishable,4/1/2022,33.71,35.22
37,Pineapple,Fruits,1kg,Perishable,5/1/2022,35.22,39.76
37,Pineapple,Fruits,1kg,Perishable,6/1/2022,39.76,39.78
37,Pineapple,Fruits,1kg,Perishable,7/1/2022,39.78,41.1
37,Pineapple,Fruits,1kg,Perishable,8/1/2022,41.1,44.92
37,Pineapple,Fruits,1kg,Perishable,9/1/2022,44.92,45.52
37,Pineapple,Fruits,1kg,Perishable,10/1/2022,45.52,48.5
37,Pineapple,Fruits,1kg,Perishable,11/1/2022,48.5,49.66
37,Pineapple,Fruits,1kg,Perishable,12/1/2022,49.66,51.59
37,Pineapple,Fruits,1kg,Perishable,1/1/2023,51.59,50.1
37,Pineapple,Fruits,1kg,Perishable,2/1/2023,50.1,54.68
37,Pineapple,Fruits,1kg,Perishable,3/1/2023,54.68,58.77
37,Pineapple,Fruits,1kg,Perishable,4/1/2023,58.77,58.36
37,Pineapple,Fruits,1kg,Perishable,5/1/2023,58.36,62.37
37,Pineapple,Fruits,1kg,Perishable,6/1/2023,62.37,63.92
37,Pineapple,Fruits,1kg,Perishable,7/1/2023,63.92,61.09
37,Pineapple,Fruits,1kg,Perishable,8/1/2023,61.09,67.02
37,Pineapple,Fruits,1kg,Perishable,9/1/2023,67.02,68.21
37,Pineapple,Fruits,1kg,Perishable,10/1/2023,68.21,71.62
37,Pineapple,Fruits,1kg,Perishable,11/1/2023,71.62,69.88
37,Pineapple,Fruits,1kg,Perishable,12/1/2023,69.88,
38,Mango,Fruits,1kg,Perishable,1/1/2022,40.42,43.08
38,Mango,Fruits,1kg,Perishable,2/1/2022,43.08,45.99
38,Mango,Fruits,1kg,Perishable,3/1/2022,45.99,45.45
38,Mango,Fruits,1kg,Perishable,4/1/2022,45.45,51.09
38,Mango,Fruits,1kg,Perishable,5/1/2022,51.09,51.13
38,Mango,Fruits,1kg,Perishable,6/1/2022,51.13,53.77
38,Mango,Fruits,1kg,Perishable,7/1/2022,53.77,58.58
38,Mango,Fruits,1kg,Perishable,8/1/2022,58.58,60.38
38,Mango,Fruits,1kg,Perishable,9/1/2022,60.38,61.72
38,Mango,Fruits,1kg,Perishable,10/1/2022,61.72,68.14
38,Mango,Fruits,1kg,Perishable,11/1/2022,68.14,70.22
38,Mango,Fruits,1kg,Perishable,12/1/2022,70.22,72.36
38,Mango,Fruits,1kg,Perishable,1/1/2023,72.36,72.35
38,Mango,Fruits,1kg,Perishable,2/1/2023,72.35,77.88
38,Mango,Fruits,1kg,Perishable,3/1/2023,77.88,77.64
38,Mango,Fruits,1kg,Perishable,4/1/2023,77.64,81.79
38,Mango,Fruits,1kg,Perishable,5/1/2023,81.79,81.62
38,Mango,Fruits,1kg,Perishable,6/1/2023,81.62,90.37
38,Mango,Fruits,1kg,Perishable,7/1/2023,90.37,88.82
38,Mango,Fruits,1kg,Perishable,8/1/2023,88.82,90.37
38,Mango,Fruits,1kg,Perishable,9/1/2023,90.37,90.13
38,Mango,Fruits,1kg,Perishable,10/1/2023,90.13,99.86
38,Mango,Fruits,1kg,Perishable,11/1/2023,99.86,100.15
38,Mango,Fruits,1kg,Perishable,12/1/2023,100.15,
39,Watermelon,Fruits,5kg,Perishable,1/1/2022,29.93,31.99
39,Watermelon,Fruits,5kg,Perishable,2/1/2022,31.99,36.94
39,Watermelon,Fruits,5kg,Perishable,3/1/2022,36.94,38.66
39,Watermelon,Fruits,5kg,Perishable,4/1/2022,38.66,42.04
39,Watermelon,Fruits,5kg,Perishable,5/1/2022,42.04,44.26
39,Watermelon,Fruits,5kg,Perishable,6/1/2022,44.26,45.63
39,Watermelon,Fruits,5kg,Perishable,7/1/2022,45.63,47.24
39,Watermelon,Fruits,5kg,Perishable,8/1/2022,47.24,52.93
39,Watermelon,Fruits,5kg,Perishable,9/1/2022,52.93,51.66
39,Watermelon,Fruits,5kg,Perishable,10/1/2022,51.66,54.73
39,Watermelon,Fruits,5kg,Perishable,11/1/2022,54.73,57.99
39,Watermelon,Fruits,5kg,Perishable,12/1/2022,57.99,63.2
39,Watermelon,Fruits,5kg,Perishable,1/1/2023,63.2,66.35
39,Watermelon,Fruits,5kg,Perishable,2/1/2023,66.35,69.52
39,Watermelon,Fruits,5kg,Perishable,3/1/2023,69.52,71.03
39,Watermelon,Fruits,5kg,Perishable,4/1/2023,71.03,74.63
39,Watermelon,Fruits,5kg,Perishable,5/1/2023,74.63,75.3
39,Watermelon,Fruits,5kg,Perishable,6/1/2023,75.3,76.08
39,Watermelon,Fruits,5kg,Perishable,7/1/2023,76.08,79.9
39,Watermelon,Fruits,5kg,Perishable,8/1/2023,79.9,85.92
39,Watermelon,Fruits,5kg,Perishable,9/1/2023,85.92,81.28
39,Watermelon,Fruits,5kg,Perishable,10/1/2023,81.28,85.81
39,Watermelon,Fruits,5kg,Perishable,11/1/2023,85.81,88.33
39,Watermelon,Fruits,5kg,Perishable,12/1/2023,88.33,
40,Peaches,Fruits,1kg,Perishable,1/1/2022,25.81,25.58
40,Peaches,Fruits,1kg,Perishable,2/1/2022,25.58,27.31
40,Peaches,Fruits,1kg,Perishable,3/1/2022,27.31,28.71
40,Peaches,Fruits,1kg,Perishable,4/1/2022,28.71,32.35
40,Peaches,Fruits,1kg,Perishable,5/1/2022,32.35,33.95
40,Peaches,Fruits,1kg,Perishable,6/1/2022,33.95,32.97
40,Peaches,Fruits,1kg,Perishable,7/1/2022,32.97,34.09
40,Peaches,Fruits,1kg,Perishable,8/1/2022,34.09,38.43
40,Peaches,Fruits,1kg,Perishable,9/1/2022,38.43,39.73
40,Peaches,Fruits,1kg,Perishable,10/1/2022,39.73,39.96
40,Peaches,Fruits,1kg,Perishable,11/1/2022,39.96,42.56
40,Peaches,Fruits,1kg,Perishable,12/1/2022,42.56,44.57
40,Peaches,Fruits,1kg,Perishable,1/1/2023,44.57,43.51
40,Peaches,Fruits,1kg,Perishable,2/1/2023,43.51,47.26
40,Peaches,Fruits,1kg,Perishable,3/1/2023,47.26,46.13
40,Peaches,Fruits,1kg,Perishable,4/1/2023,46.13,49.07
40,Peaches,Fruits,1kg,Perishable,5/1/2023,49.07,49.73
40,Peaches,Fruits,1kg,Perishable,6/1/2023,49.73,49.89
40,Peaches,Fruits,1kg,Perishable,7/1/2023,49.89,55.31
40,Peaches,Fruits,1kg,Perishable,8/1/2023,55.31,54.44
40,Peaches,Fruits,1kg,Perishable,9/1/2023,54.44,55.17
40,Peaches,Fruits,1kg,Perishable,10/1/2023,55.17,61.36
40,Peaches,Fruits,1kg,Perishable,11/1/2023,61.36,57.8
40,Peaches,Fruits,1kg,Perishable,12/1/2023,57.8,
41,Tomatoes,Vegetables,1kg,Perishable,1/1/2022,10.45,10.44
41,Tomatoes,Vegetables,1kg,Perishable,2/1/2022,10.44,11.57
41,Tomatoes,Vegetables,1kg,Perishable,3/1/2022,11.57,11.81
41,Tomatoes,Vegetables,1kg,Perishable,4/1/2022,11.81,12.56
41,Tomatoes,Vegetables,1kg,Perishable,5/1/2022,12.56,13.52
41,Tomatoes,Vegetables,1kg,Perishable,6/1/2022,13.52,13.52
41,Tomatoes,Vegetables,1kg,Perishable,7/1/2022,13.52,14.69
41,Tomatoes,Vegetables,1kg,Perishable,8/1/2022,14.69,15.39
41,Tomatoes,Vegetables,1kg,Perishable,9/1/2022,15.39,16.05
41,Tomatoes,Vegetables,1kg,Perishable,10/1/2022,16.05,16.29
41,Tomatoes,Vegetables,1kg,Perishable,11/1/2022,16.29,17.98
41,Tomatoes,Vegetables,1kg,Perishable,12/1/2022,17.98,17.51
41,Tomatoes,Vegetables,1kg,Perishable,1/1/2023,17.51,18.48
41,Tomatoes,Vegetables,1kg,Perishable,2/1/2023,18.48,19.77
41,Tomatoes,Vegetables,1kg,Perishable,3/1/2023,19.77,20.23
41,Tomatoes,Vegetables,1kg,Perishable,4/1/2023,20.23,20.46
41,Tomatoes,Vegetables,1kg,Perishable,5/1/2023,20.46,20.74
41,Tomatoes,Vegetables,1kg,Perishable,6/1/2023,20.74,21.3
41,Tomatoes,Vegetables,1kg,Perishable,7/1/2023,21.3,21.84
41,Tomatoes,Vegetables,1kg,Perishable,8/1/2023,21.84,23.92
41,Tomatoes,Vegetables,1kg,Perishable,9/1/2023,23.92,23.03
41,Tomatoes,Vegetables,1kg,Perishable,10/1/2023,23.03,25.39
41,Tomatoes,Vegetables,1kg,Perishable,11/1/2023,25.39,25.5
41,Tomatoes,Vegetables,1kg,Perishable,12/1/2023,25.5,
42,Potatoes,Vegetables,1kg,Perishable,1/1/2022,8.22,8.61
42,Potatoes,Vegetables,1kg,Perishable,2/1/2022,8.61,9.22
42,Potatoes,Vegetables,1kg,Perishable,3/1/2022,9.22,8.95
42,Potatoes,Vegetables,1kg,Perishable,4/1/2022,8.95,9.72
42,Potatoes,Vegetables,1kg,Perishable,5/1/2022,9.72,10.33
42,Potatoes,Vegetables,1kg,Perishable,6/1/2022,10.33,10.97
42,Potatoes,Vegetables,1kg,Perishable,7/1/2022,10.97,11.02
42,Potatoes,Vegetables,1kg,Perishable,8/1/2022,11.02,11.91
42,Potatoes,Vegetables,1kg,Perishable,9/1/2022,11.91,11.58
42,Potatoes,Vegetables,1kg,Perishable,10/1/2022,11.58,12.05
42,Potatoes,Vegetables,1kg,Perishable,11/1/2022,12.05,12.7
42,Potatoes,Vegetables,1kg,Perishable,12/1/2022,12.7,13.61
42,Potatoes,Vegetables,1kg,Perishable,1/1/2023,13.61,13.82
42,Potatoes,Vegetables,1kg,Perishable,2/1/2023,13.82,13.77
42,Potatoes,Vegetables,1kg,Perishable,3/1/2023,13.77,14.71
42,Potatoes,Vegetables,1kg,Perishable,4/1/2023,14.71,15.09
42,Potatoes,Vegetables,1kg,Perishable,5/1/2023,15.09,14.96
42,Potatoes,Vegetables,1kg,Perishable,6/1/2023,14.96,15.14
42,Potatoes,Vegetables,1kg,Perishable,7/1/2023,15.14,16.56
42,Potatoes,Vegetables,1kg,Perishable,8/1/2023,16.56,16.68
42,Potatoes,Vegetables,1kg,Perishable,9/1/2023,16.68,16.79
42,Potatoes,Vegetables,1kg,Perishable,10/1/2023,16.79,18.34
42,Potatoes,Vegetables,1kg,Perishable,11/1/2023,18.34,17.92
42,Potatoes,Vegetables,1kg,Perishable,12/1/2023,17.92,
43,Carrots,Vegetables,1kg,Perishable,1/1/2022,8.32,8.42
43,Carrots,Vegetables,1kg,Perishable,2/1/2022,8.42,8.69
43,Carrots,Vegetables,1kg,Perishable,3/1/2022,8.69,9.74
43,Carrots,Vegetables,1kg,Perishable,4/1/2022,9.74,9.64
43,Carrots,Vegetables,1kg,Perishable,5/1/2022,9.64,11.05
43,Carrots,Vegetables,1kg,Perishable,6/1/2022,11.05,10.94
43,Carrots,Vegetables,1kg,Perishable,7/1/2022,10.94,12.23
43,Carrots,Vegetables,1kg,Perishable,8/1/2022,12.23,12.75
43,Carrots,Vegetables,1kg,Perishable,9/1/2022,12.75,13.28
43,Carrots,Vegetables,1kg,Perishable,10/1/2022,13.28,13.87
43,Carrots,Vegetables,1kg,Perishable,11/1/2022,13.87,13.27
43,Carrots,Vegetables,1kg,Perishable,12/1/2022,13.27,14.07
43,Carrots,Vegetables,1kg,Perishable,1/1/2023,14.07,15.03
43,Carrots,Vegetables,1kg,Perishable,2/1/2023,15.03,15.87
43,Carrots,Vegetables,1kg,Perishable,3/1/2023,15.87,16.56
43,Carrots,Vegetables,1kg,Perishable,4/1/2023,16.56,15.87
43,Carrots,Vegetables,1kg,Perishable,5/1/2023,15.87,16.32
43,Carrots,Vegetables,1kg,Perishable,6/1/2023,16.32,17.12
43,Carrots,Vegetables,1kg,Perishable,7/1/2023,17.12,17.71
43,Carrots,Vegetables,1kg,Perishable,8/1/2023,17.71,19.26
43,Carrots,Vegetables,1kg,Perishable,9/1/2023,19.26,19.67
43,Carrots,Vegetables,1kg,Perishable,10/1/2023,19.67,19.8
43,Carrots,Vegetables,1kg,Perishable,11/1/2023,19.8,20.68
43,Carrots,Vegetables,1kg,Perishable,12/1/2023,20.68,
44,Lettuce,Vegetables,1kg,Perishable,1/1/2022,7.17,7.55
44,Lettuce,Vegetables,1kg,Perishable,2/1/2022,7.55,7.85
44,Lettuce,Vegetables,1kg,Perishable,3/1/2022,7.85,8.47
44,Lettuce,Vegetables,1kg,Perishable,4/1/2022,8.47,8.47
44,Lettuce,Vegetables,1kg,Perishable,5/1/2022,8.47,8.96
44,Lettuce,Vegetables,1kg,Perishable,6/1/2022,8.96,10.17
44,Lettuce,Vegetables,1kg,Perishable,7/1/2022,10.17,10.24
44,Lettuce,Vegetables,1kg,Perishable,8/1/2022,10.24,10.91
44,Lettuce,Vegetables,1kg,Perishable,9/1/2022,10.91,11.74
44,Lettuce,Vegetables,1kg,Perishable,10/1/2022,11.74,11.55
44,Lettuce,Vegetables,1kg,Perishable,11/1/2022,11.55,12.65
44,Lettuce,Vegetables,1kg,Perishable,12/1/2022,12.65,12.35
44,Lettuce,Vegetables,1kg,Perishable,1/1/2023,12.35,13.59
44,Lettuce,Vegetables,1kg,Perishable,2/1/2023,13.59,13.49
44,Lettuce,Vegetables,1kg,Perishable,3/1/2023,13.49,14.4
44,Lettuce,Vegetables,1kg,Perishable,4/1/2023,14.4,14.27
44,Lettuce,Vegetables,1kg,Perishable,5/1/2023,14.27,15.49
44,Lettuce,Vegetables,1kg,Perishable,6/1/2023,15.49,15.9
44,Lettuce,Vegetables,1kg,Perishable,7/1/2023,15.9,15.99
44,Lettuce,Vegetables,1kg,Perishable,8/1/2023,15.99,16.85
44,Lettuce,Vegetables,1kg,Perishable,9/1/2023,16.85,17.58
44,Lettuce,Vegetables,1kg,Perishable,10/1/2023,17.58,16.84
44,Lettuce,Vegetables,1kg,Perishable,11/1/2023,16.84,17.66
44,Lettuce,Vegetables,1kg,Perishable,12/1/2023,17.66,
45,Onions,Vegetables,1kg,Perishable,1/1/2022,6.81,7.08
45,Onions,Vegetables,1kg,Perishable,2/1/2022,7.08,7.49
45,Onions,Vegetables,1kg,Perishable,3/1/2022,7.49,8.1
45,Onions,Vegetables,1kg,Perishable,4/1/2022,8.1,8.69
45,Onions,Vegetables,1kg,Perishable,5/1/2022,8.69,8.43
45,Onions,Vegetables,1kg,Perishable,6/1/2022,8.43,8.64
45,Onions,Vegetables,1kg,Perishable,7/1/2022,8.64,9.03
45,Onions,Vegetables,1kg,Perishable,8/1/2022,9.03,9.43
45,Onions,Vegetables,1kg,Perishable,9/1/2022,9.43,10.61
45,Onions,Vegetables,1kg,Perishable,10/1/2022,10.61,10.37
45,Onions,Vegetables,1kg,Perishable,11/1/2022,10.37,10.62
45,Onions,Vegetables,1kg,Perishable,12/1/2022,10.62,10.83
45,Onions,Vegetables,1kg,Perishable,1/1/2023,10.83,11.12
45,Onions,Vegetables,1kg,Perishable,2/1/2023,11.12,11.67
45,Onions,Vegetables,1kg,Perishable,3/1/2023,11.67,11.99
45,Onions,Vegetables,1kg,Perishable,4/1/2023,11.99,13.14
45,Onions,Vegetables,1kg,Perishable,5/1/2023,13.14,12.43
45,Onions,Vegetables,1kg,Perishable,6/1/2023,12.43,13.22
45,Onions,Vegetables,1kg,Perishable,7/1/2023,13.22,13.22
45,Onions,Vegetables,1kg,Perishable,8/1/2023,13.22,14.44
45,Onions,Vegetables,1kg,Perishable,9/1/2023,14.44,14.08
45,Onions,Vegetables,1kg,Perishable,10/1/2023,14.08,14.86
45,Onions,Vegetables,1kg,Perishable,11/1/2023,14.86,15.49
45,Onions,Vegetables,1kg,Perishable,12/1/2023,15.49,
46,Cucumbers,Vegetables,1kg,Perishable,1/1/2022,8.34,8.78
46,Cucumbers,Vegetables,1kg,Perishable,2/1/2022,8.78,9.3
46,Cucumbers,Vegetables,1kg,Perishable,3/1/2022,9.3,9.39
46,Cucumbers,Vegetables,1kg,Perishable,4/1/2022,9.39,9.9
46,Cucumbers,Vegetables,1kg,Perishable,5/1/2022,9.9,11.09
46,Cucumbers,Vegetables,1kg,Perishable,6/1/2022,11.09,11.08
46,Cucumbers,Vegetables,1kg,Perishable,7/1/2022,11.08,11.96
46,Cucumbers,Vegetables,1kg,Perishable,8/1/2022,11.96,12.05
46,Cucumbers,Vegetables,1kg,Perishable,9/1/2022,12.05,12.97
46,Cucumbers,Vegetables,1kg,Perishable,10/1/2022,12.97,13.42
46,Cucumbers,Vegetables,1kg,Perishable,11/1/2022,13.42,13.31
46,Cucumbers,Vegetables,1kg,Perishable,12/1/2022,13.31,14.52
46,Cucumbers,Vegetables,1kg,Perishable,1/1/2023,14.52,14.72
46,Cucumbers,Vegetables,1kg,Perishable,2/1/2023,14.72,15.27
46,Cucumbers,Vegetables,1kg,Perishable,3/1/2023,15.27,15.5
46,Cucumbers,Vegetables,1kg,Perishable,4/1/2023,15.5,15.64
46,Cucumbers,Vegetables,1kg,Perishable,5/1/2023,15.64,16.87
46,Cucumbers,Vegetables,1kg,Perishable,6/1/2023,16.87,16.97
46,Cucumbers,Vegetables,1kg,Perishable,7/1/2023,16.97,18.32
46,Cucumbers,Vegetables,1kg,Perishable,8/1/2023,18.32,17.94
46,Cucumbers,Vegetables,1kg,Perishable,9/1/2023,17.94,19
46,Cucumbers,Vegetables,1kg,Perishable,10/1/2023,19,19.29
46,Cucumbers,Vegetables,1kg,Perishable,11/1/2023,19.29,20.68
46,Cucumbers,Vegetables,1kg,Perishable,12/1/2023,20.68,
47,Bell Peppers,Vegetables,1kg,Perishable,1/1/2022,20.29,20.11
47,Bell Peppers,Vegetables,1kg,Perishable,2/1/2022,20.11,22.05
47,Bell Peppers,Vegetables,1kg,Perishable,3/1/2022,22.05,23.7
47,Bell Peppers,Vegetables,1kg,Perishable,4/1/2022,23.7,23.5
47,Bell Peppers,Vegetables,1kg,Perishable,5/1/2022,23.5,24.96
47,Bell Peppers,Vegetables,1kg,Perishable,6/1/2022,24.96,26.8
47,Bell Peppers,Vegetables,1kg,Perishable,7/1/2022,26.8,26.33
47,Bell Peppers,Vegetables,1kg,Perishable,8/1/2022,26.33,29.55
47,Bell Peppers,Vegetables,1kg,Perishable,9/1/2022,29.55,30.62
47,Bell Peppers,Vegetables,1kg,Perishable,10/1/2022,30.62,29.53
47,Bell Peppers,Vegetables,1kg,Perishable,11/1/2022,29.53,33.1
47,Bell Peppers,Vegetables,1kg,Perishable,12/1/2022,33.1,33.22
47,Bell Peppers,Vegetables,1kg,Perishable,1/1/2023,33.22,33.65
47,Bell Peppers,Vegetables,1kg,Perishable,2/1/2023,33.65,36.91
47,Bell Peppers,Vegetables,1kg,Perishable,3/1/2023,36.91,35.16
47,Bell Peppers,Vegetables,1kg,Perishable,4/1/2023,35.16,38.94
47,Bell Peppers,Vegetables,1kg,Perishable,5/1/2023,38.94,37.29
47,Bell Peppers,Vegetables,1kg,Perishable,6/1/2023,37.29,38.69
47,Bell Peppers,Vegetables,1kg,Perishable,7/1/2023,38.69,40.38
47,Bell Peppers,Vegetables,1kg,Perishable,8/1/2023,40.38,42.76
47,Bell Peppers,Vegetables,1kg,Perishable,9/1/2023,42.76,42.68
47,Bell Peppers,Vegetables,1kg,Perishable,10/1/2023,42.68,44.84
47,Bell Peppers,Vegetables,1kg,Perishable,11/1/2023,44.84,44.41
47,Bell Peppers,Vegetables,1kg,Perishable,12/1/2023,44.41,
48,Garlic,Vegetables,1kg,Perishable,1/1/2022,29.8,31.84
48,Garlic,Vegetables,1kg,Perishable,2/1/2022,31.84,34.69
48,Garlic,Vegetables,1kg,Perishable,3/1/2022,34.69,36.39
48,Garlic,Vegetables,1kg,Perishable,4/1/2022,36.39,37.96
48,Garlic,Vegetables,1kg,Perishable,5/1/2022,37.96,41.23
48,Garlic,Vegetables,1kg,Perishable,6/1/2022,41.23,43.09
48,Garlic,Vegetables,1kg,Perishable,7/1/2022,43.09,45.37
48,Garlic,Vegetables,1kg,Perishable,8/1/2022,45.37,45.36
48,Garlic,Vegetables,1kg,Perishable,9/1/2022,45.36,45.9
48,Garlic,Vegetables,1kg,Perishable,10/1/2022,45.9,52
48,Garlic,Vegetables,1kg,Perishable,11/1/2022,52,51.94
48,Garlic,Vegetables,1kg,Perishable,12/1/2022,51.94,53.12
48,Garlic,Vegetables,1kg,Perishable,1/1/2023,53.12,55.45
48,Garlic,Vegetables,1kg,Perishable,2/1/2023,55.45,57.9
48,Garlic,Vegetables,1kg,Perishable,3/1/2023,57.9,61.68
48,Garlic,Vegetables,1kg,Perishable,4/1/2023,61.68,58.77
48,Garlic,Vegetables,1kg,Perishable,5/1/2023,58.77,62.04
48,Garlic,Vegetables,1kg,Perishable,6/1/2023,62.04,63.35
48,Garlic,Vegetables,1kg,Perishable,7/1/2023,63.35,65.11
48,Garlic,Vegetables,1kg,Perishable,8/1/2023,65.11,71.22
48,Garlic,Vegetables,1kg,Perishable,9/1/2023,71.22,69.11
48,Garlic,Vegetables,1kg,Perishable,10/1/2023,69.11,74.85
48,Garlic,Vegetables,1kg,Perishable,11/1/2023,74.85,72.3
48,Garlic,Vegetables,1kg,Perishable,12/1/2023,72.3,
49,Eggplant,Vegetables,500g,Perishable,1/1/2022,12.38,12.16
49,Eggplant,Vegetables,500g,Perishable,2/1/2022,12.16,12.84
49,Eggplant,Vegetables,500g,Perishable,3/1/2022,12.84,13.5
49,Eggplant,Vegetables,500g,Perishable,4/1/2022,13.5,14.13
49,Eggplant,Vegetables,500g,Perishable,5/1/2022,14.13,14.81
49,Eggplant,Vegetables,500g,Perishable,6/1/2022,14.81,15.61
49,Eggplant,Vegetables,500g,Perishable,7/1/2022,15.61,17.7
49,Eggplant,Vegetables,500g,Perishable,8/1/2022,17.7,17.32
49,Eggplant,Vegetables,500g,Perishable,9/1/2022,17.32,19.11
49,Eggplant,Vegetables,500g,Perishable,10/1/2022,19.11,18.17
49,Eggplant,Vegetables,500g,Perishable,11/1/2022,18.17,19.01
49,Eggplant,Vegetables,500g,Perishable,12/1/2022,19.01,20.47
49,Eggplant,Vegetables,500g,Perishable,1/1/2023,20.47,20.06
49,Eggplant,Vegetables,500g,Perishable,2/1/2023,20.06,20.67
49,Eggplant,Vegetables,500g,Perishable,3/1/2023,20.67,21.34
49,Eggplant,Vegetables,500g,Perishable,4/1/2023,21.34,23.83
49,Eggplant,Vegetables,500g,Perishable,5/1/2023,23.83,24
49,Eggplant,Vegetables,500g,Perishable,6/1/2023,24,25.05
49,Eggplant,Vegetables,500g,Perishable,7/1/2023,25.05,24.7
49,Eggplant,Vegetables,500g,Perishable,8/1/2023,24.7,26.81
49,Eggplant,Vegetables,500g,Perishable,9/1/2023,26.81,25.68
49,Eggplant,Vegetables,500g,Perishable,10/1/2023,25.68,26.29
49,Eggplant,Vegetables,500g,Perishable,11/1/2023,26.29,28.32
49,Eggplant,Vegetables,500g,Perishable,12/1/2023,28.32,
50,Green Onion,Vegetables,1kg,Perishable,1/1/2022,4.79,5.27
50,Green Onion,Vegetables,1kg,Perishable,2/1/2022,5.27,5.67
50,Green Onion,Vegetables,1kg,Perishable,3/1/2022,5.67,5.66
50,Green Onion,Vegetables,1kg,Perishable,4/1/2022,5.66,6.4
50,Green Onion,Vegetables,1kg,Perishable,5/1/2022,6.4,6.62
50,Green Onion,Vegetables,1kg,Perishable,6/1/2022,6.62,6.69
50,Green Onion,Vegetables,1kg,Perishable,7/1/2022,6.69,7.06
50,Green Onion,Vegetables,1kg,Perishable,8/1/2022,7.06,7.65
50,Green Onion,Vegetables,1kg,Perishable,9/1/2022,7.65,7.8
50,Green Onion,Vegetables,1kg,Perishable,10/1/2022,7.8,8.23
50,Green Onion,Vegetables,1kg,Perishable,11/1/2022,8.23,8.4
50,Green Onion,Vegetables,1kg,Perishable,12/1/2022,8.4,8.93
50,Green Onion,Vegetables,1kg,Perishable,1/1/2023,8.93,9.06
50,Green Onion,Vegetables,1kg,Perishable,2/1/2023,9.06,9.52
50,Green Onion,Vegetables,1kg,Perishable,3/1/2023,9.52,9.96
50,Green Onion,Vegetables,1kg,Perishable,4/1/2023,9.96,9.99
50,Green Onion,Vegetables,1kg,Perishable,5/1/2023,9.99,10.24
50,Green Onion,Vegetables,1kg,Perishable,6/1/2023,10.24,10.88
50,Green Onion,Vegetables,1kg,Perishable,7/1/2023,10.88,10.72
50,Green Onion,Vegetables,1kg,Perishable,8/1/2023,10.72,10.88
50,Green Onion,Vegetables,1kg,Perishable,9/1/2023,10.88,11.47
50,Green Onion,Vegetables,1kg,Perishable,10/1/2023,11.47,11.5
50,Green Onion,Vegetables,1kg,Perishable,11/1/2023,11.5,12
50,Green Onion,Vegetables,1kg,Perishable,12/1/2023,12,
